 Image clearml/clearml:2026-06-28 Building 
#1 [internal] load local bake definitions
#1 reading from stdin 968B 0.2s done
#1 DONE 0.2s

#2 [internal] load build definition from Dockerfile.airgap
#2 transferring dockerfile: 5.48kB 0.0s done
#2 DONE 0.1s

#3 [internal] load metadata for docker.io/library/node:20-bullseye-slim
#3 ...

#4 [auth] library/node:pull token for registry-1.docker.io
#4 DONE 0.0s

#5 [auth] library/python:pull token for registry-1.docker.io
#5 DONE 0.0s

#6 [internal] load metadata for docker.io/library/python:3.11-slim-bullseye
#6 DONE 2.0s

#3 [internal] load metadata for docker.io/library/node:20-bullseye-slim
#3 DONE 2.0s

#7 [internal] load .dockerignore
#7 transferring context: 263B 0.0s done
#7 DONE 0.1s

#8 [stage-1  1/14] FROM docker.io/library/python:3.11-slim-bullseye@sha256:9e25f400253a5fa3191813d6a67eb801ca1e6f012b3bd2588fa6920b59e3eba6
#8 DONE 0.0s

#9 [webapp_builder 1/6] FROM docker.io/library/node:20-bullseye-slim@sha256:65ef49f7d24aefd012a7fc6f9a2b734bcc19e424976a81f60c86b47266ef5b28
#9 DONE 0.0s

#10 [internal] load build context
#10 transferring context: 25.90MB 3.8s done
#10 DONE 3.8s

#11 [webapp_builder 2/6] WORKDIR /opt
#11 CACHED

#12 [webapp_builder 3/6] RUN if [ -n "" ]; then     mkdir -p $(dirname /usr/local/share/ca-certificates/airgap-custom-ca.crt);         printf '%s' "" | base64 -d > /usr/local/share/ca-certificates/airgap-custom-ca.crt;         chmod 0644 /usr/local/share/ca-certificates/airgap-custom-ca.crt;         if command -v update-ca-certificates >/dev/null 2>&1; then update-ca-certificates; fi;     fi
#12 CACHED

#13 [stage-1  2/14] RUN if [ -n "" ]; then     mkdir -p /usr/local/share/ca-certificates;         printf '%s' "" | base64 -d > /usr/local/share/ca-certificates/airgap-custom-ca.crt;         chmod 0644 /usr/local/share/ca-certificates/airgap-custom-ca.crt;         update-ca-certificates;     fi
#13 CACHED

#14 [stage-1  3/14] RUN if [ -n "" ]; then         sec="";         for f in /etc/apt/sources.list /etc/apt/sources.list.d/*.list /etc/apt/sources.list.d/*.sources; do             [ -e "$f" ] || continue;             sed -i                 -e "s|https\?://security.ubuntu.com/ubuntu|${sec}|g"                 -e "s|https\?://ports.ubuntu.com/ubuntu-ports||g"                 -e "s|https\?://archive.ubuntu.com/ubuntu||g"                 -e "s|https\?://[a-zA-Z0-9.-]*\.archive.ubuntu.com/ubuntu||g"                 -e "s|https\?://deb.debian.org/debian-security|${sec}|g"                 -e "s|https\?://security.debian.org/debian-security|${sec}|g"                 -e "s|https\?://deb.debian.org/debian||g"                 "$f";         done;     fi
#14 CACHED

#15 [stage-1  4/14] COPY --chmod=744 clearml-server/docker/build/internal_files/entrypoint.sh /opt/clearml/
#15 CACHED

#16 [stage-1  5/14] COPY --chmod=744 clearml-server/docker/build/internal_files/update_from_env.py /opt/clearml/utilities/
#16 CACHED

#17 [stage-1  6/14] COPY clearml-server/fileserver /opt/clearml/fileserver/
#17 CACHED

#18 [webapp_builder 4/6] COPY clearml-web /opt/open-webapp
#18 ...

#19 [stage-1  7/14] COPY clearml-server/apiserver /opt/clearml/apiserver/
#19 DONE 0.2s

#20 [stage-1  8/14] COPY --chmod=744 clearml-server/docker/build/internal_files/final_image_preparation.sh /tmp/internal_files/
#20 DONE 0.1s

#18 [webapp_builder 4/6] COPY clearml-web /opt/open-webapp
#18 DONE 0.3s

#21 [stage-1  9/14] COPY clearml-server/docker/build/internal_files/clearml.conf.template /tmp/internal_files/
#21 DONE 0.2s

#22 [webapp_builder 5/6] COPY clearml-server/docker/build/internal_files/build_webapp.sh /tmp/internal_files/
#22 DONE 0.2s

#23 [stage-1 10/14] COPY clearml-server/docker/build/internal_files/clearml_subpath.conf.template /tmp/internal_files/
#23 DONE 0.2s

#24 [webapp_builder 6/6] RUN if [ -n "" ]; then         export NODE_EXTRA_CA_CERTS=/usr/local/share/ca-certificates/airgap-custom-ca.crt NPM_CONFIG_CAFILE=/usr/local/share/ca-certificates/airgap-custom-ca.crt;     fi;     sed -i 's/\r$//' /tmp/internal_files/build_webapp.sh && /bin/bash -c '/tmp/internal_files/build_webapp.sh'
#24 0.385 + set -e
#24 0.385 + cd /opt/open-webapp/
#24 0.385 + npm ci --legacy-peer-deps
#24 ...

#25 [stage-1 11/14] RUN find /tmp/internal_files -type f -exec sed -i 's/\r$//' {} + &&     sed -i 's/\r$//' /opt/clearml/entrypoint.sh &&     find /opt/clearml/utilities -type f -name '*.py' -exec sed -i 's/\r$//' {} + &&     find /opt/clearml/fileserver -type f -name '*.py' -exec sed -i 's/\r$//' {} + &&     find /opt/clearml/apiserver -type f ( -name '*.py' -o -name '*.sh' ) -exec sed -i 's/\r$//' {} + &&     /bin/bash -c '/tmp/internal_files/final_image_preparation.sh'
#25 0.400 + set -o errexit
#25 0.400 + set -o nounset
#25 0.400 + set -o pipefail
#25 0.400 + apt-get update -y
#25 1.013 Get:1 http://deb.debian.org/debian bullseye InRelease [75.1 kB]
#25 1.417 Get:2 http://deb.debian.org/debian-security bullseye-security InRelease [27.2 kB]
#25 1.564 Get:3 http://deb.debian.org/debian bullseye-updates InRelease [44.0 kB]
#25 3.395 Get:4 http://deb.debian.org/debian bullseye/main amd64 Packages [8066 kB]
#25 ...

#24 [webapp_builder 6/6] RUN if [ -n "" ]; then         export NODE_EXTRA_CA_CERTS=/usr/local/share/ca-certificates/airgap-custom-ca.crt NPM_CONFIG_CAFILE=/usr/local/share/ca-certificates/airgap-custom-ca.crt;     fi;     sed -i 's/\r$//' /tmp/internal_files/build_webapp.sh && /bin/bash -c '/tmp/internal_files/build_webapp.sh'
#24 18.98 
#24 18.98 added 978 packages in 18s
#24 18.99 npm notice
#24 18.99 npm notice New major version of npm available! 10.8.2 -> 11.17.0
#24 18.99 npm notice Changelog: https://github.com/npm/cli/releases/tag/v11.17.0
#24 18.99 npm notice To update run: npm install -g npm@11.17.0
#24 18.99 npm notice
#24 19.00 + cd /opt/open-webapp/
#24 19.00 + npm run build
#24 19.11 
#24 19.11 > clearml-webapp@2.4.0 build
#24 19.11 > ng build --configuration production --source-map
#24 19.11 
#24 19.57 ❯ Building...
#24 ...

#25 [stage-1 11/14] RUN find /tmp/internal_files -type f -exec sed -i 's/\r$//' {} + &&     sed -i 's/\r$//' /opt/clearml/entrypoint.sh &&     find /opt/clearml/utilities -type f -name '*.py' -exec sed -i 's/\r$//' {} + &&     find /opt/clearml/fileserver -type f -name '*.py' -exec sed -i 's/\r$//' {} + &&     find /opt/clearml/apiserver -type f ( -name '*.py' -o -name '*.sh' ) -exec sed -i 's/\r$//' {} + &&     /bin/bash -c '/tmp/internal_files/final_image_preparation.sh'
#25 20.21 Get:5 http://deb.debian.org/debian-security bullseye-security/main amd64 Packages [458 kB]
#25 20.69 Get:6 http://deb.debian.org/debian bullseye-updates/main amd64 Packages [18.8 kB]
#25 21.23 Fetched 8689 kB in 21s (418 kB/s)
#25 21.23 Reading package lists...
#25 21.67 + apt-get install -y python3-setuptools python3-dev build-essential nginx gettext vim curl
#25 21.68 Reading package lists...
#25 22.13 Building dependency tree...
#25 22.22 Reading state information...
#25 22.34 The following additional packages will be installed:
#25 22.34   binutils binutils-common binutils-x86-64-linux-gnu bzip2 cpp cpp-10 dirmngr
#25 22.34   dpkg-dev fakeroot fontconfig-config fonts-dejavu-core g++ g++-10 gcc gcc-10
#25 22.34   geoip-database gettext-base gnupg gnupg-l10n gnupg-utils gpg gpg-agent
#25 22.34   gpg-wks-client gpg-wks-server gpgconf gpgsm gpgv iproute2 javascript-common
#25 22.34   libalgorithm-diff-perl libalgorithm-diff-xs-perl libalgorithm-merge-perl
#25 22.34   libasan6 libassuan0 libatm1 libatomic1 libbinutils libbpf0 libbrotli1
#25 22.34   libbsd0 libc-dev-bin libc-devtools libc6 libc6-dev libcap2 libcap2-bin
#25 22.34   libcc1-0 libcrypt-dev libctf-nobfd0 libctf0 libcurl4 libdeflate0
#25 22.34   libdpkg-perl libelf1 libexpat1 libexpat1-dev libfakeroot
#25 22.34   libfile-fcntllock-perl libfontconfig1 libfreetype6 libgcc-10-dev libgd3
#25 22.34   libgdbm-compat4 libgeoip1 libgomp1 libgpm2 libicu67 libisl23 libitm1
#25 22.34   libjbig0 libjpeg62-turbo libjs-jquery libjs-sphinxdoc libjs-underscore
#25 22.34   libksba8 libldap-2.4-2 libldap-common liblocale-gettext-perl liblsan0 libmd0
#25 22.34   libmnl0 libmpc3 libmpdec3 libmpfr6 libnghttp2-14 libnginx-mod-http-geoip
#25 22.34   libnginx-mod-http-image-filter libnginx-mod-http-xslt-filter
#25 22.34   libnginx-mod-mail libnginx-mod-stream libnginx-mod-stream-geoip libnpth0
#25 22.34   libnsl-dev libpam-cap libperl5.32 libpng16-16 libpsl5 libpython3-dev
#25 22.34   libpython3-stdlib libpython3.9 libpython3.9-dev libpython3.9-minimal
#25 22.34   libpython3.9-stdlib libquadmath0 librtmp1 libsasl2-2 libsasl2-modules
#25 22.34   libsasl2-modules-db libssh2-1 libstdc++-10-dev libtiff5 libtirpc-dev
#25 22.34   libtsan0 libubsan1 libwebp6 libx11-6 libx11-data libxau6 libxcb1 libxdmcp6
#25 22.34   libxml2 libxpm4 libxslt1.1 libxtables12 linux-libc-dev make manpages
#25 22.34   manpages-dev media-types nginx-common nginx-core patch perl perl-base
#25 22.34   perl-modules-5.32 pinentry-curses publicsuffix python3 python3-distutils
#25 22.34   python3-lib2to3 python3-minimal python3-pkg-resources python3.9
#25 22.34   python3.9-dev python3.9-minimal sensible-utils ucf vim-common vim-runtime
#25 22.34   xxd xz-utils zlib1g-dev
#25 22.34 Suggested packages:
#25 22.34   binutils-doc bzip2-doc cpp-doc gcc-10-locales dbus-user-session
#25 22.34   libpam-systemd pinentry-gnome3 tor debian-keyring g++-multilib
#25 22.34   g++-10-multilib gcc-10-doc gcc-multilib autoconf automake libtool flex bison
#25 22.34   gdb gcc-doc gcc-10-multilib gettext-doc autopoint libasprintf-dev
#25 22.34   libgettextpo-dev parcimonie xloadimage scdaemon iproute2-doc glibc-doc
#25 22.34   libc-l10n locales git bzr libgd-tools geoip-bin gpm
#25 22.34   libsasl2-modules-gssapi-mit | libsasl2-modules-gssapi-heimdal
#25 22.34   libsasl2-modules-ldap libsasl2-modules-otp libsasl2-modules-sql
#25 22.34   libstdc++-10-doc make-doc man-browser fcgiwrap nginx-doc ssl-cert ed
#25 22.34   diffutils-doc perl-doc libterm-readline-gnu-perl
#25 22.34   | libterm-readline-perl-perl libtap-harness-archive-perl pinentry-doc
#25 22.34   python3-doc python3-tk python3-venv python-setuptools-doc python3.9-venv
#25 22.34   python3.9-doc binfmt-support ctags vim-doc vim-scripts
#25 22.34 Recommended packages:
#25 22.34   libnss-nis libnss-nisplus
#25 22.79 The following NEW packages will be installed:
#25 22.79   binutils binutils-common binutils-x86-64-linux-gnu build-essential bzip2 cpp
#25 22.79   cpp-10 curl dirmngr dpkg-dev fakeroot fontconfig-config fonts-dejavu-core
#25 22.79   g++ g++-10 gcc gcc-10 geoip-database gettext gettext-base gnupg gnupg-l10n
#25 22.79   gnupg-utils gpg gpg-agent gpg-wks-client gpg-wks-server gpgconf gpgsm
#25 22.79   iproute2 javascript-common libalgorithm-diff-perl libalgorithm-diff-xs-perl
#25 22.79   libalgorithm-merge-perl libasan6 libassuan0 libatm1 libatomic1 libbinutils
#25 22.79   libbpf0 libbrotli1 libbsd0 libc-dev-bin libc-devtools libc6-dev libcap2
#25 22.79   libcap2-bin libcc1-0 libcrypt-dev libctf-nobfd0 libctf0 libcurl4 libdeflate0
#25 22.79   libdpkg-perl libelf1 libexpat1 libexpat1-dev libfakeroot
#25 22.79   libfile-fcntllock-perl libfontconfig1 libfreetype6 libgcc-10-dev libgd3
#25 22.79   libgdbm-compat4 libgeoip1 libgomp1 libgpm2 libicu67 libisl23 libitm1
#25 22.79   libjbig0 libjpeg62-turbo libjs-jquery libjs-sphinxdoc libjs-underscore
#25 22.79   libksba8 libldap-2.4-2 libldap-common liblocale-gettext-perl liblsan0 libmd0
#25 22.79   libmnl0 libmpc3 libmpdec3 libmpfr6 libnghttp2-14 libnginx-mod-http-geoip
#25 22.79   libnginx-mod-http-image-filter libnginx-mod-http-xslt-filter
#25 22.79   libnginx-mod-mail libnginx-mod-stream libnginx-mod-stream-geoip libnpth0
#25 22.79   libnsl-dev libpam-cap libperl5.32 libpng16-16 libpsl5 libpython3-dev
#25 22.79   libpython3-stdlib libpython3.9 libpython3.9-dev libpython3.9-minimal
#25 22.79   libpython3.9-stdlib libquadmath0 librtmp1 libsasl2-2 libsasl2-modules
#25 22.79   libsasl2-modules-db libssh2-1 libstdc++-10-dev libtiff5 libtirpc-dev
#25 22.79   libtsan0 libubsan1 libwebp6 libx11-6 libx11-data libxau6 libxcb1 libxdmcp6
#25 22.79   libxml2 libxpm4 libxslt1.1 libxtables12 linux-libc-dev make manpages
#25 22.79   manpages-dev media-types nginx nginx-common nginx-core patch perl
#25 22.79   perl-modules-5.32 pinentry-curses publicsuffix python3 python3-dev
#25 22.79   python3-distutils python3-lib2to3 python3-minimal python3-pkg-resources
#25 22.79   python3-setuptools python3.9 python3.9-dev python3.9-minimal sensible-utils
#25 22.79   ucf vim vim-common vim-runtime xxd xz-utils zlib1g-dev
#25 22.79 The following packages will be upgraded:
#25 22.79   gpgv libc6 perl-base
#25 23.51 3 upgraded, 156 newly installed, 0 to remove and 16 not upgraded.
#25 23.51 Need to get 132 MB of archives.
#25 23.51 After this operation, 467 MB of additional disk space will be used.
#25 23.51 Get:1 http://deb.debian.org/debian-security bullseye-security/main amd64 perl-base amd64 5.32.1-4+deb11u5 [1629 kB]
#25 24.67 Get:2 http://deb.debian.org/debian-security bullseye-security/main amd64 perl-modules-5.32 all 5.32.1-4+deb11u5 [2823 kB]
#25 25.77 Get:3 http://deb.debian.org/debian-security bullseye-security/main amd64 libc6 amd64 2.31-13+deb11u14 [2820 kB]
#25 26.86 Get:4 http://deb.debian.org/debian bullseye/main amd64 libgdbm-compat4 amd64 1.19-2 [44.7 kB]
#25 26.96 Get:5 http://deb.debian.org/debian-security bullseye-security/main amd64 libperl5.32 amd64 5.32.1-4+deb11u5 [4102 kB]
#25 28.98 Get:6 http://deb.debian.org/debian-security bullseye-security/main amd64 perl amd64 5.32.1-4+deb11u5 [294 kB]
#25 29.19 Get:7 http://deb.debian.org/debian bullseye/main amd64 liblocale-gettext-perl amd64 1.07-4+b1 [19.0 kB]
#25 29.20 Get:8 http://deb.debian.org/debian-security bullseye-security/main amd64 libpython3.9-minimal amd64 3.9.2-1+deb11u7 [807 kB]
#25 29.68 Get:9 http://deb.debian.org/debian-security bullseye-security/main amd64 libexpat1 amd64 2.2.10-2+deb11u7 [99.2 kB]
#25 29.73 Get:10 http://deb.debian.org/debian-security bullseye-security/main amd64 python3.9-minimal amd64 3.9.2-1+deb11u7 [1944 kB]
#25 30.74 Get:11 http://deb.debian.org/debian bullseye/main amd64 python3-minimal amd64 3.9.2-3 [38.2 kB]
#25 30.75 Get:12 http://deb.debian.org/debian bullseye/main amd64 media-types all 4.0.0 [30.3 kB]
#25 30.77 Get:13 http://deb.debian.org/debian bullseye/main amd64 libmpdec3 amd64 2.5.1-1 [87.7 kB]
#25 30.83 Get:14 http://deb.debian.org/debian-security bullseye-security/main amd64 libpython3.9-stdlib amd64 3.9.2-1+deb11u7 [1685 kB]
#25 31.76 Get:15 http://deb.debian.org/debian-security bullseye-security/main amd64 python3.9 amd64 3.9.2-1+deb11u7 [468 kB]
#25 32.06 Get:16 http://deb.debian.org/debian bullseye/main amd64 libpython3-stdlib amd64 3.9.2-3 [21.4 kB]
#25 32.08 Get:17 http://deb.debian.org/debian bullseye/main amd64 python3 amd64 3.9.2-3 [37.9 kB]
#25 32.11 Get:18 http://deb.debian.org/debian-security bullseye-security/main amd64 gpgv amd64 2.2.27-2+deb11u3 [626 kB]
#25 32.56 Get:19 http://deb.debian.org/debian bullseye/main amd64 libelf1 amd64 0.183-1 [165 kB]
#25 32.64 Get:20 http://deb.debian.org/debian-security bullseye-security/main amd64 libbpf0 amd64 1:0.3-2+deb11u1 [98.5 kB]
#25 32.70 Get:21 http://deb.debian.org/debian bullseye/main amd64 libmd0 amd64 1.0.3-3 [28.0 kB]
#25 32.72 Get:22 http://deb.debian.org/debian bullseye/main amd64 libbsd0 amd64 0.11.3-1+deb11u1 [108 kB]
#25 32.86 Get:23 http://deb.debian.org/debian-security bullseye-security/main amd64 libcap2 amd64 1:2.44-1+deb11u1 [24.2 kB]
#25 32.86 Get:24 http://deb.debian.org/debian bullseye/main amd64 libmnl0 amd64 1.0.4-3 [12.5 kB]
#25 32.99 Get:25 http://deb.debian.org/debian bullseye/main amd64 libxtables12 amd64 1.8.7-1 [45.1 kB]
#25 33.14 Get:26 http://deb.debian.org/debian-security bullseye-security/main amd64 libcap2-bin amd64 1:2.44-1+deb11u1 [33.2 kB]
#25 34.06 Get:27 http://deb.debian.org/debian bullseye/main amd64 iproute2 amd64 5.10.0-4 [930 kB]
#25 35.12 Get:28 http://deb.debian.org/debian bullseye/main amd64 sensible-utils all 0.0.14 [14.8 kB]
#25 35.16 Get:29 http://deb.debian.org/debian-security bullseye-security/main amd64 xxd amd64 2:8.2.2434-3+deb11u3 [193 kB]
#25 35.39 Get:30 http://deb.debian.org/debian-security bullseye-security/main amd64 vim-common all 2:8.2.2434-3+deb11u3 [227 kB]
#25 35.77 Get:31 http://deb.debian.org/debian bullseye/main amd64 bzip2 amd64 1.0.8-4 [49.3 kB]
#25 35.81 Get:32 http://deb.debian.org/debian bullseye/main amd64 gettext-base amd64 0.21-4 [175 kB]
#25 36.02 Get:33 http://deb.debian.org/debian bullseye/main amd64 manpages all 5.10-1 [1412 kB]
#25 37.24 Get:34 http://deb.debian.org/debian-security bullseye-security/main amd64 ucf all 3.0043+deb11u2 [74.3 kB]
#25 37.31 Get:35 http://deb.debian.org/debian bullseye/main amd64 xz-utils amd64 5.2.5-2.1~deb11u1 [220 kB]
#25 37.53 Get:36 http://deb.debian.org/debian bullseye/main amd64 binutils-common amd64 2.35.2-2 [2220 kB]
#25 40.38 Get:37 http://deb.debian.org/debian bullseye/main amd64 libbinutils amd64 2.35.2-2 [570 kB]
#25 41.02 Get:38 http://deb.debian.org/debian bullseye/main amd64 libctf-nobfd0 amd64 2.35.2-2 [110 kB]
#25 41.13 Get:39 http://deb.debian.org/debian bullseye/main amd64 libctf0 amd64 2.35.2-2 [53.2 kB]
#25 41.20 Get:40 http://deb.debian.org/debian bullseye/main amd64 binutils-x86-64-linux-gnu amd64 2.35.2-2 [1809 kB]
#25 43.18 Get:41 http://deb.debian.org/debian bullseye/main amd64 binutils amd64 2.35.2-2 [61.2 kB]
#25 43.26 Get:42 http://deb.debian.org/debian-security bullseye-security/main amd64 libc-dev-bin amd64 2.31-13+deb11u14 [277 kB]
#25 43.53 Get:43 http://deb.debian.org/debian-security bullseye-security/main amd64 linux-libc-dev amd64 5.10.257-1 [1897 kB]
#25 45.77 Get:44 http://deb.debian.org/debian bullseye/main amd64 libcrypt-dev amd64 1:4.4.18-4 [104 kB]
#25 46.32 Get:45 http://deb.debian.org/debian bullseye/main amd64 libtirpc-dev amd64 1.3.1-1+deb11u1 [191 kB]
#25 46.52 Get:46 http://deb.debian.org/debian bullseye/main amd64 libnsl-dev amd64 1.3.0-2 [66.4 kB]
#25 46.61 Get:47 http://deb.debian.org/debian-security bullseye-security/main amd64 libc6-dev amd64 2.31-13+deb11u14 [2360 kB]
#25 49.33 Get:48 http://deb.debian.org/debian bullseye/main amd64 libisl23 amd64 0.23-1 [676 kB]
#25 50.16 Get:49 http://deb.debian.org/debian bullseye/main amd64 libmpfr6 amd64 4.1.0-3 [2012 kB]
#25 53.44 Get:50 http://deb.debian.org/debian bullseye/main amd64 libmpc3 amd64 1.2.0-1 [45.0 kB]
#25 53.53 Get:51 http://deb.debian.org/debian bullseye/main amd64 cpp-10 amd64 10.2.1-6 [8528 kB]
#25 ...

#24 [webapp_builder 6/6] RUN if [ -n "" ]; then         export NODE_EXTRA_CA_CERTS=/usr/local/share/ca-certificates/airgap-custom-ca.crt NPM_CONFIG_CAFILE=/usr/local/share/ca-certificates/airgap-custom-ca.crt;     fi;     sed -i 's/\r$//' /tmp/internal_files/build_webapp.sh && /bin/bash -c '/tmp/internal_files/build_webapp.sh'
#24 58.07 ✔ Building...
#24 58.07 Initial chunk files        | Names                                           |  Raw size | Estimated transfer size
#24 58.07 chunk-JKQLDVQN.js          | -                                               | 349.88 kB |                81.08 kB
#24 58.07 global-styles-4QXUAVHA.css | global-styles                                   | 270.88 kB |                20.98 kB
#24 58.07 chunk-QWSBIK34.js          | -                                               | 216.63 kB |                63.13 kB
#24 58.07 chunk-6HOSOYY6.js          | -                                               | 208.05 kB |                62.34 kB
#24 58.07 main-7MELOA3N.js           | main                                            | 197.97 kB |                48.31 kB
#24 58.07 chunk-VKGFPF7D.js          | -                                               | 106.63 kB |                26.28 kB
#24 58.07 chunk-NABY4RJV.js          | -                                               |  80.00 kB |                20.05 kB
#24 58.07 chunk-FZ4HOKZZ.js          | -                                               |  72.22 kB |                25.47 kB
#24 58.07 chunk-JAX5F63L.js          | -                                               |  62.70 kB |                 9.54 kB
#24 58.07 chunk-WEKBPYRM.js          | -                                               |  61.23 kB |                10.87 kB
#24 58.07 chunk-MSFSQACW.js          | -                                               |  58.61 kB |                15.19 kB
#24 58.07 chunk-WFWZMPAK.js          | -                                               |  58.45 kB |                17.80 kB
#24 58.07 chunk-K3SHTFBB.js          | -                                               |  56.57 kB |                 9.37 kB
#24 58.07 scripts-7XNDUXAS.js        | scripts                                         |  49.18 kB |                17.84 kB
#24 58.07 chunk-HRZDJBV7.js          | -                                               |  48.14 kB |                16.28 kB
#24 58.07 chunk-EEESJUMS.js          | -                                               |  46.78 kB |                16.05 kB
#24 58.07 chunk-Q62Z6DXZ.js          | -                                               |  45.55 kB |                12.86 kB
#24 58.07 chunk-OVQS3LRP.js          | -                                               |  44.70 kB |                 9.02 kB
#24 58.07 chunk-HLIFC5NE.js          | -                                               |  43.62 kB |                12.28 kB
#24 58.07 chunk-UZYTTQT4.js          | -                                               |  43.29 kB |                10.96 kB
#24 58.07 chunk-QIPXL2QR.js          | -                                               |  41.87 kB |                 9.94 kB
#24 58.07 chunk-K7OHGA3F.js          | -                                               |  36.94 kB |                 9.19 kB
#24 58.07 chunk-JOZMUWTE.js          | -                                               |  36.49 kB |                 5.17 kB
#24 58.07 chunk-Z5O7APYI.js          | -                                               |  34.67 kB |                 8.01 kB
#24 58.07 polyfills-JUTM3XWE.js      | polyfills                                       |  34.63 kB |                11.35 kB
#24 58.07 chunk-DEUTIQWI.js          | -                                               |  32.28 kB |                 9.49 kB
#24 58.07 chunk-TOZC2HI3.js          | -                                               |  29.22 kB |                 1.45 kB
#24 58.07 chunk-4LIR4ZJE.js          | -                                               |  27.44 kB |                 4.85 kB
#24 58.07 chunk-DNS277LD.js          | -                                               |  26.02 kB |                 7.12 kB
#24 58.07 chunk-IBQ6WO7C.js          | -                                               |  24.04 kB |                 4.28 kB
#24 58.07 chunk-2O44DX5N.js          | -                                               |  23.86 kB |                 8.31 kB
#24 58.07 chunk-LCZUBZCM.js          | -                                               |  23.34 kB |                 6.10 kB
#24 58.07 chunk-FRAWXEAJ.js          | -                                               |  23.00 kB |                 6.37 kB
#24 58.07 chunk-3CGUTBWV.js          | -                                               |  21.86 kB |                 5.80 kB
#24 58.07 chunk-4KRD6JZB.js          | -                                               |  20.02 kB |                 6.26 kB
#24 58.07 chunk-3LPAIZ4G.js          | -                                               |  18.27 kB |                 4.24 kB
#24 58.07 chunk-G45BZH6T.js          | -                                               |  17.73 kB |                 4.67 kB
#24 58.07 chunk-BZHRWRHF.js          | -                                               |  17.68 kB |                 5.56 kB
#24 58.07 chunk-KXMYEA34.js          | -                                               |  17.63 kB |                 4.82 kB
#24 58.07 chunk-3LSR3DG2.js          | -                                               |  16.23 kB |                 5.34 kB
#24 58.07 chunk-CCYPQ3ZC.js          | -                                               |  15.63 kB |                 1.16 kB
#24 58.07 chunk-2IKQZBQX.js          | -                                               |  14.96 kB |                 4.96 kB
#24 58.07 chunk-G5K5PUHC.js          | -                                               |  13.80 kB |                 1.04 kB
#24 58.07 chunk-BYCLEF44.js          | -                                               |  13.49 kB |                 1.04 kB
#24 58.07 chunk-X64Y4UPT.js          | -                                               |  13.43 kB |                 4.26 kB
#24 58.07 chunk-K3CYLIRS.js          | -                                               |  13.04 kB |                 4.63 kB
#24 58.07 chunk-L5IB3WU4.js          | -                                               |  12.88 kB |                 4.00 kB
#24 58.07 chunk-PX35VIO3.js          | -                                               |  11.43 kB |                 3.60 kB
#24 58.07 chunk-W6EBRX77.js          | -                                               |  11.40 kB |                 3.15 kB
#24 58.07 chunk-CD2WV4G2.js          | -                                               |  10.82 kB |                 3.30 kB
#24 58.07 chunk-KMNCF344.js          | -                                               |  10.46 kB |                 3.64 kB
#24 58.07 chunk-FOAMYUTN.js          | -                                               |  10.43 kB |                 3.04 kB
#24 58.07 chunk-KHWYPBDE.js          | -                                               |  10.19 kB |                 3.15 kB
#24 58.07 chunk-K35RPR6D.js          | -                                               |  10.13 kB |                 2.82 kB
#24 58.07 chunk-PCJVNEEC.js          | -                                               |   9.43 kB |                 2.37 kB
#24 58.07 chunk-UAHSSKYH.js          | -                                               |   8.15 kB |                 2.74 kB
#24 58.07 chunk-5FGUB76F.js          | -                                               |   7.82 kB |                 2.55 kB
#24 58.07 chunk-PAICOHSL.js          | -                                               |   7.78 kB |                 2.60 kB
#24 58.07 chunk-2IHJQVJR.js          | -                                               |   7.25 kB |               837 bytes
#24 58.07 chunk-YUSQ2BMW.js          | -                                               |   7.17 kB |                 2.47 kB
#24 58.07 chunk-F5OH3EHO.js          | -                                               |   6.58 kB |                 2.25 kB
#24 58.07 chunk-GKXJOP2K.js          | -                                               |   6.50 kB |                 2.29 kB
#24 58.07 chunk-FTEWKPNY.js          | -                                               |   6.36 kB |                 2.11 kB
#24 58.07 chunk-R5FK5JNE.js          | -                                               |   6.21 kB |                 1.84 kB
#24 58.07 chunk-MVQFSPEU.js          | -                                               |   6.09 kB |               807 bytes
#24 58.07 chunk-L3WWAZWD.js          | -                                               |   5.80 kB |                 1.92 kB
#24 58.07 chunk-75QWJC5V.js          | -                                               |   5.74 kB |                 1.96 kB
#24 58.07 chunk-L5EXPSKZ.js          | -                                               |   5.69 kB |                 1.58 kB
#24 58.07 chunk-LTBA7M56.js          | -                                               |   5.35 kB |                 1.95 kB
#24 58.07 chunk-PQNPYLYE.js          | -                                               |   5.11 kB |                 1.78 kB
#24 58.07 chunk-3YE2FGBX.js          | -                                               |   5.03 kB |                 2.01 kB
#24 58.07 chunk-K4AEUDKN.js          | -                                               |   5.00 kB |               796 bytes
#24 58.07 chunk-ML52LACF.js          | -                                               |   4.78 kB |                 1.36 kB
#24 58.07 chunk-PYK4RFV6.js          | -                                               |   4.61 kB |                 1.09 kB
#24 58.07 chunk-W3R2QWFJ.js          | -                                               |   4.54 kB |                 1.54 kB
#24 58.07 chunk-EJG764L2.js          | -                                               |   4.48 kB |               719 bytes
#24 58.07 chunk-JNGMNU5G.js          | -                                               |   4.19 kB |                 1.19 kB
#24 58.07 chunk-ZKDV3VGS.js          | -                                               |   4.08 kB |                 1.28 kB
#24 58.07 chunk-L7BOEV2B.js          | -                                               |   4.03 kB |                 1.48 kB
#24 58.07 chunk-PEBTIXJL.js          | -                                               |   3.96 kB |                 1.75 kB
#24 58.07 chunk-W2APOFFA.js          | -                                               |   3.69 kB |                 1.74 kB
#24 58.07 chunk-I2K7XKLN.js          | -                                               |   3.53 kB |               811 bytes
#24 58.07 chunk-ZLEW7P4V.js          | -                                               |   3.50 kB |                 1.50 kB
#24 58.07 chunk-WGPGINUP.js          | -                                               |   3.38 kB |                 1.21 kB
#24 58.07 chunk-PPNPCD2F.js          | -                                               |   3.34 kB |                 1.21 kB
#24 58.07 chunk-SMBFPMLX.js          | -                                               |   3.28 kB |                 1.11 kB
#24 58.07 chunk-KSWMDXDD.js          | -                                               |   3.23 kB |                 1.11 kB
#24 58.07 chunk-2Q4C3GOR.js          | -                                               |   3.09 kB |                 1.07 kB
#24 58.07 chunk-AE4FZTUD.js          | -                                               |   3.07 kB |                 1.48 kB
#24 58.07 chunk-S6TKFAET.js          | -                                               |   3.01 kB |               948 bytes
#24 58.07 chunk-AKRTQ2JD.js          | -                                               |   3.00 kB |                 1.09 kB
#24 58.07 chunk-JEEDHTOT.js          | -                                               |   2.92 kB |                 1.23 kB
#24 58.07 chunk-5CXSPRBR.js          | -                                               |   2.87 kB |                 1.15 kB
#24 58.07 chunk-XDV6QVO7.js          | -                                               |   2.81 kB |               994 bytes
#24 58.07 chunk-UIP5KU7Q.js          | -                                               |   2.71 kB |                 1.07 kB
#24 58.07 chunk-RYOQMU5Q.js          | -                                               |   2.68 kB |               866 bytes
#24 58.07 chunk-ESEM4HSF.js          | -                                               |   2.64 kB |               733 bytes
#24 58.07 chunk-QLWVMHLL.js          | -                                               |   2.61 kB |                 1.11 kB
#24 58.07 chunk-PVE4S62Z.js          | -                                               |   2.57 kB |               975 bytes
#24 58.07 chunk-7GCX7YXU.js          | -                                               |   2.56 kB |               780 bytes
#24 58.07 chunk-DIQIUFZM.js          | -                                               |   2.48 kB |                 1.01 kB
#24 58.07 chunk-X5WOL5CI.js          | -                                               |   2.38 kB |               825 bytes
#24 58.07 chunk-BGPMHJMI.js          | -                                               |   2.18 kB |               854 bytes
#24 58.07 chunk-IIZB24UW.js          | -                                               |   2.13 kB |               565 bytes
#24 58.07 chunk-VAPN5Y2H.js          | -                                               |   2.06 kB |               887 bytes
#24 58.07 chunk-YYW36HIG.js          | -                                               |   2.04 kB |               718 bytes
#24 58.07 chunk-MMX6UEE7.js          | -                                               |   1.96 kB |               656 bytes
#24 58.07 chunk-63JZLCUJ.js          | -                                               |   1.91 kB |               653 bytes
#24 58.07 chunk-2V5XCR3Z.js          | -                                               |   1.83 kB |               793 bytes
#24 58.07 chunk-CIZDQXNN.js          | -                                               |   1.76 kB |               672 bytes
#24 58.07 chunk-ZWEZWA6U.js          | -                                               |   1.73 kB |               588 bytes
#24 58.07 chunk-DFUES4ZD.js          | -                                               |   1.72 kB |               791 bytes
#24 58.07 chunk-UOQC3I76.js          | -                                               |   1.72 kB |               773 bytes
#24 58.07 chunk-FJKMGPVU.js          | -                                               |   1.71 kB |               890 bytes
#24 58.07 styles-3PVQ7Z4J.css        | styles                                          |   1.62 kB |               503 bytes
#24 58.07 chunk-MT6IOIE5.js          | -                                               |   1.58 kB |               577 bytes
#24 58.07 chunk-AOU5OMAQ.js          | -                                               |   1.54 kB |               683 bytes
#24 58.07 chunk-EKR632FI.js          | -                                               |   1.53 kB |               748 bytes
#24 58.07 chunk-VMJNKQ65.js          | -                                               |   1.50 kB |               640 bytes
#24 58.07 chunk-EQZSSOR6.js          | -                                               |   1.46 kB |               621 bytes
#24 58.07 chunk-EU5BQOMN.js          | -                                               |   1.35 kB |               538 bytes
#24 58.07 chunk-JRQQDBLK.js          | -                                               |   1.31 kB |               544 bytes
#24 58.07 chunk-LJP35KYO.js          | -                                               |   1.31 kB |               483 bytes
#24 58.07 chunk-D73EW7QP.js          | -                                               |   1.27 kB |               603 bytes
#24 58.07 chunk-UAUNUWKZ.js          | -                                               |   1.21 kB |               537 bytes
#24 58.07 chunk-I3ONWIVR.js          | -                                               |   1.15 kB |               503 bytes
#24 58.07 chunk-WBBYIFW5.js          | -                                               |   1.05 kB |               435 bytes
#24 58.07 chunk-7AUOHJCF.js          | -                                               |   1.03 kB |               520 bytes
#24 58.07 chunk-W4MU3IA2.js          | -                                               |   1.01 kB |                 1.01 kB
#24 58.07 chunk-HHP7Q3HY.js          | -                                               | 986 bytes |               986 bytes
#24 58.07 chunk-V55VB3EY.js          | -                                               | 976 bytes |               976 bytes
#24 58.07 chunk-FEMFKXPL.js          | -                                               | 968 bytes |               968 bytes
#24 58.07 chunk-JQA7RT56.js          | -                                               | 951 bytes |               951 bytes
#24 58.07 chunk-3JUVIJGE.js          | -                                               | 839 bytes |               839 bytes
#24 58.07 chunk-KD3TTTUO.js          | -                                               | 829 bytes |               829 bytes
#24 58.07 chunk-VZBO5DU5.js          | -                                               | 786 bytes |               786 bytes
#24 58.07 chunk-PREUEEOV.js          | -                                               | 780 bytes |               780 bytes
#24 58.07 chunk-GNVDVNQB.js          | -                                               | 780 bytes |               780 bytes
#24 58.07 chunk-HRUGY7IS.js          | -                                               | 779 bytes |               779 bytes
#24 58.07 chunk-T7I3Z4XU.js          | -                                               | 739 bytes |               739 bytes
#24 58.07 chunk-7VXVJMV5.js          | -                                               | 738 bytes |               738 bytes
#24 58.07 chunk-U37JTHZM.js          | -                                               | 659 bytes |               659 bytes
#24 58.07 chunk-BKEN4M4J.js          | -                                               | 634 bytes |               634 bytes
#24 58.07 chunk-C7P7YHCN.js          | -                                               | 574 bytes |               574 bytes
#24 58.07 chunk-D6U53DKA.js          | -                                               | 567 bytes |               567 bytes
#24 58.07 chunk-N5CBMVP5.js          | -                                               | 535 bytes |               535 bytes
#24 58.07 chunk-4CUC5LUO.js          | -                                               | 526 bytes |               526 bytes
#24 58.07 chunk-GYXW4346.js          | -                                               | 511 bytes |               511 bytes
#24 58.07 chunk-EHMBIQAL.js          | -                                               | 499 bytes |               499 bytes
#24 58.07 chunk-UG7O26BO.js          | -                                               | 403 bytes |               403 bytes
#24 58.07 chunk-W53GOCI2.js          | -                                               | 392 bytes |               392 bytes
#24 58.07 chunk-XJWWZM5E.js          | -                                               | 389 bytes |               389 bytes
#24 58.07 chunk-L7DUVP6F.js          | -                                               | 359 bytes |               359 bytes
#24 58.07 chunk-6MBU3YZT.js          | -                                               | 343 bytes |               343 bytes
#24 58.07 chunk-HJ2C3X5K.js          | -                                               | 335 bytes |               335 bytes
#24 58.07 chunk-V3JLFZ4Z.js          | -                                               | 299 bytes |               299 bytes
#24 58.07 chunk-JVIQBNPG.js          | -                                               | 291 bytes |               291 bytes
#24 58.07 chunk-2NBXVV6T.js          | -                                               | 278 bytes |               278 bytes
#24 58.07 chunk-LN7HAVSJ.js          | -                                               | 257 bytes |               257 bytes
#24 58.07 chunk-G2RM4YJB.js          | -                                               | 217 bytes |               217 bytes
#24 58.07 chunk-U34WIXB3.js          | -                                               | 202 bytes |               202 bytes
#24 58.07 chunk-KBVHZWSH.js          | -                                               | 164 bytes |               164 bytes
#24 58.07 chunk-XRO4DMRH.js          | -                                               | 153 bytes |               153 bytes
#24 58.07 
#24 58.07                            | Initial total                                   |   3.09 MB |               783.65 kB
#24 58.07 
#24 58.07 Lazy chunk files           | Names                                           |  Raw size | Estimated transfer size
#24 58.07 chunk-FNSOJL6F.js          | -                                               | 492.99 kB |                82.37 kB
#24 58.07 chunk-MGRQWQHI.js          | global-search-dialog-component                  | 151.46 kB |                23.93 kB
#24 58.07 chunk-ZVKF72DU.js          | -                                               | 111.37 kB |                25.51 kB
#24 58.07 chunk-7FNC56D7.js          | -                                               | 110.50 kB |                19.80 kB
#24 58.07 chunk-CXLMCDPW.js          | -                                               | 102.14 kB |                23.79 kB
#24 58.07 chunk-MHL6K2BW.js          | -                                               |  87.59 kB |                21.56 kB
#24 58.07 chunk-BIJRZOMU.js          | autoscaler-component                            |  86.11 kB |                19.01 kB
#24 58.07 chunk-M2BYM45J.js          | -                                               |  77.25 kB |                16.83 kB
#24 58.07 chunk-VBI7VVY7.js          | -                                               |  66.08 kB |                15.20 kB
#24 58.07 chunk-UDGZKYAV.js          | -                                               |  63.03 kB |                18.12 kB
#24 58.07 chunk-457HL4FM.js          | experiment-compare-hyper-params-graph-component |  60.24 kB |                14.46 kB
#24 58.07 chunk-QWDW47QN.js          | -                                               |  57.53 kB |                12.61 kB
#24 58.07 chunk-S6PKKAAM.js          | -                                               |  57.04 kB |                13.62 kB
#24 58.07 chunk-B5LN3GRP.js          | -                                               |  50.60 kB |                 9.36 kB
#24 58.07 chunk-DMRNY5EF.js          | -                                               |  46.30 kB |                12.24 kB
#24 58.07 ...and 191 more lazy chunks files. Use "--verbose" to show all the files.
#24 58.07 
#24 58.07 Application bundle generation complete. [38.498 seconds] - 2026-06-28T06:55:39.177Z
#24 58.07 
#24 58.08 ▲ [WARNING] Unable to initialize JavaScript cache storage. [plugin angular-compiler]
#24 58.08 
#24 58.08   Cannot find module 'lmdb'
#24 58.08   This will not affect the build output content but may result in slower builds.
#24 58.08 
#24 58.08 
#24 58.08 ▲ [WARNING] Ignoring this import because "node_modules/ngx-markdown-editor/fesm2020/ngx-markdown-editor.mjs" was marked as having no side effects [ignored-bare-import]
#24 58.08 
#24 58.08     src/app/webapp-common/project-info/project-info.component.ts:5:7:
#24 58.08       5 │ import 'ngx-markdown-editor';
#24 58.08         ╵        ~~~~~~~~~~~~~~~~~~~~~
#24 58.08 
#24 58.08   "sideEffects" is false in the enclosing "package.json" file:
#24 58.08 
#24 58.08     node_modules/ngx-markdown-editor/package.json:52:2:
#24 58.08       52 │   "sideEffects": false,
#24 58.08          ╵   ~~~~~~~~~~~~~
#24 58.08 
#24 58.08 
#24 58.08 ▲ [WARNING] src/app/webapp-common/workers-and-queues/containers/autoscaler/autoscaler.component.scss exceeded maximum budget. Budget 6.00 kB was not met by 9.14 kB with a total of 15.14 kB.
#24 58.08 
#24 58.08 
#24 58.08 ▲ [WARNING] src/app/webapp-common/shared/experiment-graphs/experiment-graphs.component.scss exceeded maximum budget. Budget 6.00 kB was not met by 1.23 kB with a total of 7.23 kB.
#24 58.08 
#24 58.08 
#24 58.08 ▲ [WARNING] src/app/webapp-common/shared/components/markdown-editor/markdown-editor.component.scss exceeded maximum budget. Budget 6.00 kB was not met by 6.43 kB with a total of 12.44 kB.
#24 58.08 
#24 58.08 
#24 58.08 ▲ [WARNING] src/app/webapp-common/shared/ui-components/data/table/table.component.scss exceeded maximum budget. Budget 6.00 kB was not met by 2.55 kB with a total of 8.55 kB.
#24 58.08 
#24 58.08 
#24 58.09 Output location: /opt/open-webapp/build
#24 58.09 
#24 58.28 + npm run build-widgets
#24 58.38 
#24 58.38 > clearml-webapp@2.4.0 build-widgets
#24 58.38 > ng build --project report-widgets --configuration production
#24 58.38 
#24 58.94 ❯ Building...
#24 ...

#25 [stage-1 11/14] RUN find /tmp/internal_files -type f -exec sed -i 's/\r$//' {} + &&     sed -i 's/\r$//' /opt/clearml/entrypoint.sh &&     find /opt/clearml/utilities -type f -name '*.py' -exec sed -i 's/\r$//' {} + &&     find /opt/clearml/fileserver -type f -name '*.py' -exec sed -i 's/\r$//' {} + &&     find /opt/clearml/apiserver -type f ( -name '*.py' -o -name '*.sh' ) -exec sed -i 's/\r$//' {} + &&     /bin/bash -c '/tmp/internal_files/final_image_preparation.sh'
#25 62.78 Get:52 http://deb.debian.org/debian bullseye/main amd64 cpp amd64 4:10.2.1-1 [19.7 kB]
#25 62.82 Get:53 http://deb.debian.org/debian bullseye/main amd64 libcc1-0 amd64 10.2.1-6 [47.0 kB]
#25 62.86 Get:54 http://deb.debian.org/debian bullseye/main amd64 libgomp1 amd64 10.2.1-6 [99.9 kB]
#25 62.98 Get:55 http://deb.debian.org/debian bullseye/main amd64 libitm1 amd64 10.2.1-6 [25.8 kB]
#25 63.03 Get:56 http://deb.debian.org/debian bullseye/main amd64 libatomic1 amd64 10.2.1-6 [9008 B]
#25 63.03 Get:57 http://deb.debian.org/debian bullseye/main amd64 libasan6 amd64 10.2.1-6 [2065 kB]
#25 66.33 Get:58 http://deb.debian.org/debian bullseye/main amd64 liblsan0 amd64 10.2.1-6 [828 kB]
#25 69.47 Get:59 http://deb.debian.org/debian bullseye/main amd64 libtsan0 amd64 10.2.1-6 [2000 kB]
#25 ...

#24 [webapp_builder 6/6] RUN if [ -n "" ]; then         export NODE_EXTRA_CA_CERTS=/usr/local/share/ca-certificates/airgap-custom-ca.crt NPM_CONFIG_CAFILE=/usr/local/share/ca-certificates/airgap-custom-ca.crt;     fi;     sed -i 's/\r$//' /tmp/internal_files/build_webapp.sh && /bin/bash -c '/tmp/internal_files/build_webapp.sh'
#24 70.44 ✔ Building...
#24 70.44 Initial chunk files   | Names                                |  Raw size | Estimated transfer size
#24 70.44 main-CCPMOTBF.js      | main                                 | 836.69 kB |               179.99 kB
#24 70.44 chunk-IHQFSQ7R.js     | -                                    | 349.28 kB |                96.06 kB
#24 70.44 styles-DI2D2X4Y.css   | styles                               | 137.45 kB |                10.54 kB
#24 70.44 chunk-4SJJHVF6.js     | -                                    | 101.77 kB |                31.21 kB
#24 70.44 chunk-V32RP6GC.js     | -                                    |  41.29 kB |                11.68 kB
#24 70.44 polyfills-5CFQRCPP.js | polyfills                            |  34.59 kB |                11.33 kB
#24 70.44 chunk-HU6AS7GH.js     | -                                    |   2.56 kB |                 1.07 kB
#24 70.44 chunk-GRDKS4DP.js     | -                                    | 591 bytes |               591 bytes
#24 70.44 
#24 70.44                       | Initial total                        |   1.50 MB |               342.49 kB
#24 70.44 
#24 70.44 Lazy chunk files      | Names                                |  Raw size | Estimated transfer size
#24 70.44 chunk-ASLZT3BN.js     | debug-image-snippet-component        |  43.14 kB |                13.19 kB
#24 70.44 chunk-K62MH7EF.js     | es5                                  |  36.74 kB |                 6.97 kB
#24 70.44 trains-icons.css      | trains-icons                         |  13.54 kB |                 2.31 kB
#24 70.44 chunk-4COVSRK4.js     | single-value-summary-table-component |   5.34 kB |                 1.69 kB
#24 70.44 chunk-6AWZHT3N.js     | index                                |   4.00 kB |                 1.51 kB
#24 70.44 
#24 70.44 Application bundle generation complete. [11.492 seconds] - 2026-06-28T06:55:51.548Z
#24 70.44 
#24 70.44 ▲ [WARNING] Unable to initialize JavaScript cache storage. [plugin angular-compiler]
#24 70.44 
#24 70.44   Cannot find module 'lmdb'
#24 70.44   This will not affect the build output content but may result in slower builds.
#24 70.44 
#24 70.44 
#24 70.44 ▲ [WARNING] bundle initial exceeded maximum budget. Budget 1.00 MB was not met by 504.22 kB with a total of 1.50 MB.
#24 70.44 
#24 70.44 
#24 70.44 ▲ [WARNING] src/app/webapp-common/shared/single-graph/single-graph.component.scss exceeded maximum budget. Budget 2.00 kB was not met by 2.52 kB with a total of 4.52 kB.
#24 70.44 
#24 70.44 
#24 70.44 ▲ [WARNING] src/app/webapp-common/shared/single-graph/graph-viewer/graph-viewer.component.scss exceeded maximum budget. Budget 2.00 kB was not met by 1.21 kB with a total of 3.21 kB.
#24 70.44 
#24 70.44 
#24 70.44 ▲ [WARNING] src/app/webapp-common/shared/debug-sample/image-viewer/image-viewer.component.scss exceeded maximum budget. Budget 2.00 kB was not met by 1.80 kB with a total of 3.80 kB.
#24 70.44 
#24 70.44 
#24 70.44 ▲ [WARNING] src/app/webapp-common/shared/debug-sample/debug-image-snippet/debug-image-snippet.component.scss exceeded maximum budget. Budget 2.00 kB was not met by 103 bytes with a total of 2.10 kB.
#24 70.44 
#24 70.44 
#24 70.44 ▲ [WARNING] src/app/webapp-common/layout/breadcrumbs/breadcrumbs.component.scss exceeded maximum budget. Budget 2.00 kB was not met by 834 bytes with a total of 2.83 kB.
#24 70.44 
#24 70.44 
#24 70.45 Output location: /opt/open-webapp/dist/report-widgets
#24 70.45 
#24 DONE 70.8s

#25 [stage-1 11/14] RUN find /tmp/internal_files -type f -exec sed -i 's/\r$//' {} + &&     sed -i 's/\r$//' /opt/clearml/entrypoint.sh &&     find /opt/clearml/utilities -type f -name '*.py' -exec sed -i 's/\r$//' {} + &&     find /opt/clearml/fileserver -type f -name '*.py' -exec sed -i 's/\r$//' {} + &&     find /opt/clearml/apiserver -type f ( -name '*.py' -o -name '*.sh' ) -exec sed -i 's/\r$//' {} + &&     /bin/bash -c '/tmp/internal_files/final_image_preparation.sh'
#25 75.35 Get:60 http://deb.debian.org/debian bullseye/main amd64 libubsan1 amd64 10.2.1-6 [777 kB]
#25 77.00 Get:61 http://deb.debian.org/debian bullseye/main amd64 libquadmath0 amd64 10.2.1-6 [145 kB]
#25 77.22 Get:62 http://deb.debian.org/debian bullseye/main amd64 libgcc-10-dev amd64 10.2.1-6 [2328 kB]
#25 79.56 Get:63 http://deb.debian.org/debian bullseye/main amd64 gcc-10 amd64 10.2.1-6 [17.0 MB]
#25 86.47 Get:64 http://deb.debian.org/debian bullseye/main amd64 gcc amd64 4:10.2.1-1 [5192 B]
#25 86.47 Get:65 http://deb.debian.org/debian bullseye/main amd64 libstdc++-10-dev amd64 10.2.1-6 [1741 kB]
#25 88.35 Get:66 http://deb.debian.org/debian bullseye/main amd64 g++-10 amd64 10.2.1-6 [9380 kB]
#25 105.2 Get:67 http://deb.debian.org/debian bullseye/main amd64 g++ amd64 4:10.2.1-1 [1644 B]
#25 105.2 Get:68 http://deb.debian.org/debian bullseye/main amd64 make amd64 4.3-4.1 [396 kB]
#25 105.4 Get:69 http://deb.debian.org/debian bullseye/main amd64 libdpkg-perl all 1.20.13 [1552 kB]
#25 106.3 Get:70 http://deb.debian.org/debian bullseye/main amd64 patch amd64 2.7.6-7 [128 kB]
#25 106.3 Get:71 http://deb.debian.org/debian bullseye/main amd64 dpkg-dev all 1.20.13 [2314 kB]
#25 107.1 Get:72 http://deb.debian.org/debian bullseye/main amd64 build-essential amd64 12.9 [7704 B]
#25 107.1 Get:73 http://deb.debian.org/debian bullseye/main amd64 libbrotli1 amd64 1.0.9-2+b2 [279 kB]
#25 107.1 Get:74 http://deb.debian.org/debian bullseye/main amd64 libsasl2-modules-db amd64 2.1.27+dfsg-2.1+deb11u1 [69.1 kB]
#25 107.2 Get:75 http://deb.debian.org/debian bullseye/main amd64 libsasl2-2 amd64 2.1.27+dfsg-2.1+deb11u1 [106 kB]
#25 107.3 Get:76 http://deb.debian.org/debian bullseye/main amd64 libldap-2.4-2 amd64 2.4.57+dfsg-3+deb11u1 [232 kB]
#25 107.4 Get:77 http://deb.debian.org/debian-security bullseye-security/main amd64 libnghttp2-14 amd64 1.43.0-1+deb11u3 [77.6 kB]
#25 107.5 Get:78 http://deb.debian.org/debian bullseye/main amd64 libpsl5 amd64 0.21.0-1.2 [57.3 kB]
#25 107.6 Get:79 http://deb.debian.org/debian bullseye/main amd64 librtmp1 amd64 2.4+20151223.gitfa8646d.1-2+b2 [60.8 kB]
#25 107.7 Get:80 http://deb.debian.org/debian bullseye/main amd64 libssh2-1 amd64 1.9.0-2+deb11u1 [156 kB]
#25 107.9 Get:81 http://deb.debian.org/debian-security bullseye-security/main amd64 libcurl4 amd64 7.74.0-1.3+deb11u16 [347 kB]
#25 108.0 Get:82 http://deb.debian.org/debian-security bullseye-security/main amd64 curl amd64 7.74.0-1.3+deb11u16 [272 kB]
#25 108.1 Get:83 http://deb.debian.org/debian bullseye/main amd64 libassuan0 amd64 2.5.3-7.1 [50.5 kB]
#25 108.2 Get:84 http://deb.debian.org/debian-security bullseye-security/main amd64 gpgconf amd64 2.2.27-2+deb11u3 [548 kB]
#25 108.4 Get:85 http://deb.debian.org/debian bullseye/main amd64 libksba8 amd64 1.5.0-3+deb11u2 [123 kB]
#25 108.5 Get:86 http://deb.debian.org/debian bullseye/main amd64 libnpth0 amd64 1.6-3 [19.0 kB]
#25 108.6 Get:87 http://deb.debian.org/debian-security bullseye-security/main amd64 dirmngr amd64 2.2.27-2+deb11u3 [763 kB]
#25 108.8 Get:88 http://deb.debian.org/debian bullseye/main amd64 libfakeroot amd64 1.25.3-1.1 [47.0 kB]
#25 109.0 Get:89 http://deb.debian.org/debian bullseye/main amd64 fakeroot amd64 1.25.3-1.1 [87.0 kB]
#25 109.5 Get:90 http://deb.debian.org/debian bullseye/main amd64 fonts-dejavu-core all 2.37-2 [1069 kB]
#25 109.8 Get:91 http://deb.debian.org/debian bullseye/main amd64 fontconfig-config all 2.13.1-4.2 [281 kB]
#25 109.8 Get:92 http://deb.debian.org/debian bullseye/main amd64 geoip-database all 20191224-3 [3032 kB]
#25 110.9 Get:93 http://deb.debian.org/debian-security bullseye-security/main amd64 libicu67 amd64 67.1-7+deb11u1 [8624 kB]
#25 113.1 Get:94 http://deb.debian.org/debian-security bullseye-security/main amd64 libxml2 amd64 2.9.10+dfsg-6.7+deb11u10 [695 kB]
#25 113.3 Get:95 http://deb.debian.org/debian bullseye/main amd64 gettext amd64 0.21-4 [1311 kB]
#25 113.6 Get:96 http://deb.debian.org/debian-security bullseye-security/main amd64 gnupg-l10n all 2.2.27-2+deb11u3 [1084 kB]
#25 113.8 Get:97 http://deb.debian.org/debian-security bullseye-security/main amd64 gnupg-utils amd64 2.2.27-2+deb11u3 [905 kB]
#25 114.1 Get:98 http://deb.debian.org/debian-security bullseye-security/main amd64 gpg amd64 2.2.27-2+deb11u3 [928 kB]
#25 114.3 Get:99 http://deb.debian.org/debian bullseye/main amd64 pinentry-curses amd64 1.1.0-4 [64.9 kB]
#25 114.4 Get:100 http://deb.debian.org/debian-security bullseye-security/main amd64 gpg-agent amd64 2.2.27-2+deb11u3 [670 kB]
#25 114.6 Get:101 http://deb.debian.org/debian-security bullseye-security/main amd64 gpg-wks-client amd64 2.2.27-2+deb11u3 [524 kB]
#25 114.7 Get:102 http://deb.debian.org/debian-security bullseye-security/main amd64 gpg-wks-server amd64 2.2.27-2+deb11u3 [516 kB]
#25 114.8 Get:103 http://deb.debian.org/debian-security bullseye-security/main amd64 gpgsm amd64 2.2.27-2+deb11u3 [645 kB]
#25 115.0 Get:104 http://deb.debian.org/debian-security bullseye-security/main amd64 gnupg all 2.2.27-2+deb11u3 [825 kB]
#25 115.2 Get:105 http://deb.debian.org/debian bullseye/main amd64 javascript-common all 11+nmu1 [6260 B]
#25 115.2 Get:106 http://deb.debian.org/debian bullseye/main amd64 libalgorithm-diff-perl all 1.201-1 [43.3 kB]
#25 115.3 Get:107 http://deb.debian.org/debian bullseye/main amd64 libalgorithm-diff-xs-perl amd64 0.04-6+b1 [12.0 kB]
#25 115.4 Get:108 http://deb.debian.org/debian bullseye/main amd64 libalgorithm-merge-perl all 0.08-3 [12.7 kB]
#25 115.6 Get:109 http://deb.debian.org/debian bullseye/main amd64 libatm1 amd64 1:2.5.1-4 [71.3 kB]
#25 115.7 Get:110 http://deb.debian.org/debian-security bullseye-security/main amd64 libpng16-16 amd64 1.6.37-3+deb11u4 [295 kB]
#25 115.9 Get:111 http://deb.debian.org/debian-security bullseye-security/main amd64 libfreetype6 amd64 2.10.4+dfsg-1+deb11u2 [418 kB]
#25 116.0 Get:112 http://deb.debian.org/debian bullseye/main amd64 libfontconfig1 amd64 2.13.1-4.2 [347 kB]
#25 116.1 Get:113 http://deb.debian.org/debian bullseye/main amd64 libjpeg62-turbo amd64 1:2.0.6-4 [151 kB]
#25 116.2 Get:114 http://deb.debian.org/debian bullseye/main amd64 libdeflate0 amd64 1.7-1 [53.1 kB]
#25 116.3 Get:115 http://deb.debian.org/debian bullseye/main amd64 libjbig0 amd64 2.1-3.1+b2 [31.0 kB]
#25 116.4 Get:116 http://deb.debian.org/debian bullseye/main amd64 libwebp6 amd64 0.6.1-2.1+deb11u2 [259 kB]
#25 116.6 Get:117 http://deb.debian.org/debian-security bullseye-security/main amd64 libtiff5 amd64 4.2.0-1+deb11u8 [291 kB]
#25 116.7 Get:118 http://deb.debian.org/debian bullseye/main amd64 libxau6 amd64 1:1.0.9-1 [19.7 kB]
#25 116.8 Get:119 http://deb.debian.org/debian bullseye/main amd64 libxdmcp6 amd64 1:1.1.2-3 [26.3 kB]
#25 116.9 Get:120 http://deb.debian.org/debian bullseye/main amd64 libxcb1 amd64 1.14-3 [140 kB]
#25 117.0 Get:121 http://deb.debian.org/debian bullseye/main amd64 libx11-data all 2:1.7.2-1+deb11u2 [311 kB]
#25 117.1 Get:122 http://deb.debian.org/debian bullseye/main amd64 libx11-6 amd64 2:1.7.2-1+deb11u2 [772 kB]
#25 117.3 Get:123 http://deb.debian.org/debian bullseye/main amd64 libxpm4 amd64 1:3.5.12-1.1+deb11u1 [50.0 kB]
#25 117.3 Get:124 http://deb.debian.org/debian-security bullseye-security/main amd64 libgd3 amd64 2.3.0-2+deb11u1 [138 kB]
#25 117.5 Get:125 http://deb.debian.org/debian-security bullseye-security/main amd64 libc-devtools amd64 2.31-13+deb11u14 [247 kB]
#25 117.6 Get:126 http://deb.debian.org/debian-security bullseye-security/main amd64 libexpat1-dev amd64 2.2.10-2+deb11u7 [143 kB]
#25 117.7 Get:127 http://deb.debian.org/debian bullseye/main amd64 libfile-fcntllock-perl amd64 0.22-3+b7 [35.5 kB]
#25 117.8 Get:128 http://deb.debian.org/debian bullseye/main amd64 libgeoip1 amd64 1.6.12-7 [92.5 kB]
#25 117.9 Get:129 http://deb.debian.org/debian bullseye/main amd64 libgpm2 amd64 1.20.7-8 [35.6 kB]
#25 118.2 Get:130 http://deb.debian.org/debian bullseye/main amd64 libjs-jquery all 3.5.1+dfsg+~3.5.5-7 [315 kB]
#25 118.4 Get:131 http://deb.debian.org/debian bullseye/main amd64 libjs-underscore all 1.9.1~dfsg-3 [100 kB]
#25 118.5 Get:132 http://deb.debian.org/debian bullseye/main amd64 libjs-sphinxdoc all 3.4.3-2 [127 kB]
#25 118.6 Get:133 http://deb.debian.org/debian bullseye/main amd64 libldap-common all 2.4.57+dfsg-3+deb11u1 [95.8 kB]
#25 118.7 Get:134 http://deb.debian.org/debian-security bullseye-security/main amd64 nginx-common all 1.18.0-6.1+deb11u7 [128 kB]
#25 118.8 Get:135 http://deb.debian.org/debian-security bullseye-security/main amd64 libnginx-mod-http-geoip amd64 1.18.0-6.1+deb11u7 [99.6 kB]
#25 118.9 Get:136 http://deb.debian.org/debian-security bullseye-security/main amd64 libnginx-mod-http-image-filter amd64 1.18.0-6.1+deb11u7 [103 kB]
#25 119.1 Get:137 http://deb.debian.org/debian-security bullseye-security/main amd64 libxslt1.1 amd64 1.1.34-4+deb11u3 [241 kB]
#25 119.2 Get:138 http://deb.debian.org/debian-security bullseye-security/main amd64 libnginx-mod-http-xslt-filter amd64 1.18.0-6.1+deb11u7 [102 kB]
#25 119.3 Get:139 http://deb.debian.org/debian-security bullseye-security/main amd64 libnginx-mod-mail amd64 1.18.0-6.1+deb11u7 [131 kB]
#25 119.4 Get:140 http://deb.debian.org/debian-security bullseye-security/main amd64 libnginx-mod-stream amd64 1.18.0-6.1+deb11u7 [156 kB]
#25 119.5 Get:141 http://deb.debian.org/debian-security bullseye-security/main amd64 libnginx-mod-stream-geoip amd64 1.18.0-6.1+deb11u7 [98.8 kB]
#25 119.6 Get:142 http://deb.debian.org/debian-security bullseye-security/main amd64 libpam-cap amd64 1:2.44-1+deb11u1 [16.0 kB]
#25 119.7 Get:143 http://deb.debian.org/debian-security bullseye-security/main amd64 libpython3.9 amd64 3.9.2-1+deb11u7 [1694 kB]
#25 120.4 Get:144 http://deb.debian.org/debian-security bullseye-security/main amd64 libpython3.9-dev amd64 3.9.2-1+deb11u7 [4316 kB]
#25 121.3 Get:145 http://deb.debian.org/debian bullseye/main amd64 libpython3-dev amd64 3.9.2-3 [21.7 kB]
#25 121.3 Get:146 http://deb.debian.org/debian bullseye/main amd64 libsasl2-modules amd64 2.1.27+dfsg-2.1+deb11u1 [104 kB]
#25 121.5 Get:147 http://deb.debian.org/debian bullseye/main amd64 manpages-dev all 5.10-1 [2309 kB]
#25 122.0 Get:148 http://deb.debian.org/debian-security bullseye-security/main amd64 nginx-core amd64 1.18.0-6.1+deb11u7 [517 kB]
#25 122.1 Get:149 http://deb.debian.org/debian-security bullseye-security/main amd64 nginx all 1.18.0-6.1+deb11u7 [94.1 kB]
#25 122.2 Get:150 http://deb.debian.org/debian bullseye/main amd64 publicsuffix all 20220811.1734-0+deb11u1 [127 kB]
#25 122.3 Get:151 http://deb.debian.org/debian bullseye/main amd64 zlib1g-dev amd64 1:1.2.11.dfsg-2+deb11u2 [191 kB]
#25 122.4 Get:152 http://deb.debian.org/debian-security bullseye-security/main amd64 python3.9-dev amd64 3.9.2-1+deb11u7 [507 kB]
#25 122.6 Get:153 http://deb.debian.org/debian bullseye/main amd64 python3-lib2to3 all 3.9.2-1 [77.8 kB]
#25 122.7 Get:154 http://deb.debian.org/debian bullseye/main amd64 python3-distutils all 3.9.2-1 [143 kB]
#25 122.9 Get:155 http://deb.debian.org/debian bullseye/main amd64 python3-dev amd64 3.9.2-3 [24.8 kB]
#25 123.0 Get:156 http://deb.debian.org/debian-security bullseye-security/main amd64 python3-pkg-resources all 52.0.0-4+deb11u2 [190 kB]
#25 124.0 Get:157 http://deb.debian.org/debian-security bullseye-security/main amd64 python3-setuptools all 52.0.0-4+deb11u2 [367 kB]
#25 126.4 Get:158 http://deb.debian.org/debian-security bullseye-security/main amd64 vim-runtime all 2:8.2.2434-3+deb11u3 [6229 kB]
#25 130.1 Get:159 http://deb.debian.org/debian-security bullseye-security/main amd64 vim amd64 2:8.2.2434-3+deb11u3 [1496 kB]
#25 130.6 debconf: delaying package configuration, since apt-utils is not installed
#25 130.6 Fetched 132 MB in 1min 48s (1224 kB/s)
#25 130.7 (Reading database ... 
(Reading database ... 5%
(Reading database ... 10%
(Reading database ... 15%
(Reading database ... 20%
(Reading database ... 25%
(Reading database ... 30%
(Reading database ... 35%
(Reading database ... 40%
(Reading database ... 45%
(Reading database ... 50%
(Reading database ... 55%
(Reading database ... 60%
(Reading database ... 65%
(Reading database ... 70%
(Reading database ... 75%
(Reading database ... 80%
(Reading database ... 85%
(Reading database ... 90%
(Reading database ... 95%
(Reading database ... 100%
(Reading database ... 7034 files and directories currently installed.)
#25 130.7 Preparing to unpack .../perl-base_5.32.1-4+deb11u5_amd64.deb ...
#25 130.8 Unpacking perl-base (5.32.1-4+deb11u5) over (5.32.1-4+deb11u4) ...
#25 136.1 Setting up perl-base (5.32.1-4+deb11u5) ...
#25 136.2 Selecting previously unselected package perl-modules-5.32.
#25 136.2 (Reading database ... 
(Reading database ... 5%
(Reading database ... 10%
(Reading database ... 15%
(Reading database ... 20%
(Reading database ... 25%
(Reading database ... 30%
(Reading database ... 35%
(Reading database ... 40%
(Reading database ... 45%
(Reading database ... 50%
(Reading database ... 55%
(Reading database ... 60%
(Reading database ... 65%
(Reading database ... 70%
(Reading database ... 75%
(Reading database ... 80%
(Reading database ... 85%
(Reading database ... 90%
(Reading database ... 95%
(Reading database ... 100%
(Reading database ... 7035 files and directories currently installed.)
#25 136.2 Preparing to unpack .../perl-modules-5.32_5.32.1-4+deb11u5_all.deb ...
#25 136.2 Unpacking perl-modules-5.32 (5.32.1-4+deb11u5) ...
#25 136.6 Preparing to unpack .../libc6_2.31-13+deb11u14_amd64.deb ...
#25 136.7 Unpacking libc6:amd64 (2.31-13+deb11u14) over (2.31-13+deb11u13) ...
#25 139.1 Setting up libc6:amd64 (2.31-13+deb11u14) ...
#25 140.3 Selecting previously unselected package libgdbm-compat4:amd64.
#25 140.3 (Reading database ... 
(Reading database ... 5%
(Reading database ... 10%
(Reading database ... 15%
(Reading database ... 20%
(Reading database ... 25%
(Reading database ... 30%
(Reading database ... 35%
(Reading database ... 40%
(Reading database ... 45%
(Reading database ... 50%
(Reading database ... 55%
(Reading database ... 60%
(Reading database ... 65%
(Reading database ... 70%
(Reading database ... 75%
(Reading database ... 80%
(Reading database ... 85%
(Reading database ... 90%
(Reading database ... 95%
(Reading database ... 100%
(Reading database ... 8429 files and directories currently installed.)
#25 140.3 Preparing to unpack .../0-libgdbm-compat4_1.19-2_amd64.deb ...
#25 140.4 Unpacking libgdbm-compat4:amd64 (1.19-2) ...
#25 140.5 Selecting previously unselected package libperl5.32:amd64.
#25 140.5 Preparing to unpack .../1-libperl5.32_5.32.1-4+deb11u5_amd64.deb ...
#25 140.5 Unpacking libperl5.32:amd64 (5.32.1-4+deb11u5) ...
#25 140.9 Selecting previously unselected package perl.
#25 140.9 Preparing to unpack .../2-perl_5.32.1-4+deb11u5_amd64.deb ...
#25 140.9 Unpacking perl (5.32.1-4+deb11u5) ...
#25 141.0 Selecting previously unselected package liblocale-gettext-perl.
#25 141.0 Preparing to unpack .../3-liblocale-gettext-perl_1.07-4+b1_amd64.deb ...
#25 141.0 Unpacking liblocale-gettext-perl (1.07-4+b1) ...
#25 141.2 Selecting previously unselected package libpython3.9-minimal:amd64.
#25 141.2 Preparing to unpack .../4-libpython3.9-minimal_3.9.2-1+deb11u7_amd64.deb ...
#25 141.2 Unpacking libpython3.9-minimal:amd64 (3.9.2-1+deb11u7) ...
#25 141.4 Selecting previously unselected package libexpat1:amd64.
#25 141.4 Preparing to unpack .../5-libexpat1_2.2.10-2+deb11u7_amd64.deb ...
#25 141.4 Unpacking libexpat1:amd64 (2.2.10-2+deb11u7) ...
#25 141.5 Selecting previously unselected package python3.9-minimal.
#25 141.5 Preparing to unpack .../6-python3.9-minimal_3.9.2-1+deb11u7_amd64.deb ...
#25 141.5 Unpacking python3.9-minimal (3.9.2-1+deb11u7) ...
#25 141.7 Setting up libpython3.9-minimal:amd64 (3.9.2-1+deb11u7) ...
#25 141.8 Setting up libexpat1:amd64 (2.2.10-2+deb11u7) ...
#25 141.8 Setting up python3.9-minimal (3.9.2-1+deb11u7) ...
#25 142.3 Selecting previously unselected package python3-minimal.
#25 142.3 (Reading database ... 
(Reading database ... 5%
(Reading database ... 10%
(Reading database ... 15%
(Reading database ... 20%
(Reading database ... 25%
(Reading database ... 30%
(Reading database ... 35%
(Reading database ... 40%
(Reading database ... 45%
(Reading database ... 50%
(Reading database ... 55%
(Reading database ... 60%
(Reading database ... 65%
(Reading database ... 70%
(Reading database ... 75%
(Reading database ... 80%
(Reading database ... 85%
(Reading database ... 90%
(Reading database ... 95%
(Reading database ... 100%
(Reading database ... 9309 files and directories currently installed.)
#25 142.3 Preparing to unpack .../0-python3-minimal_3.9.2-3_amd64.deb ...
#25 142.4 Unpacking python3-minimal (3.9.2-3) ...
#25 142.5 Selecting previously unselected package media-types.
#25 142.5 Preparing to unpack .../1-media-types_4.0.0_all.deb ...
#25 142.5 Unpacking media-types (4.0.0) ...
#25 142.6 Selecting previously unselected package libmpdec3:amd64.
#25 142.6 Preparing to unpack .../2-libmpdec3_2.5.1-1_amd64.deb ...
#25 142.6 Unpacking libmpdec3:amd64 (2.5.1-1) ...
#25 142.7 Selecting previously unselected package libpython3.9-stdlib:amd64.
#25 142.7 Preparing to unpack .../3-libpython3.9-stdlib_3.9.2-1+deb11u7_amd64.deb ...
#25 142.7 Unpacking libpython3.9-stdlib:amd64 (3.9.2-1+deb11u7) ...
#25 142.9 Selecting previously unselected package python3.9.
#25 142.9 Preparing to unpack .../4-python3.9_3.9.2-1+deb11u7_amd64.deb ...
#25 142.9 Unpacking python3.9 (3.9.2-1+deb11u7) ...
#25 143.0 Selecting previously unselected package libpython3-stdlib:amd64.
#25 143.0 Preparing to unpack .../5-libpython3-stdlib_3.9.2-3_amd64.deb ...
#25 143.1 Unpacking libpython3-stdlib:amd64 (3.9.2-3) ...
#25 143.1 Setting up python3-minimal (3.9.2-3) ...
#25 143.4 Selecting previously unselected package python3.
#25 143.4 (Reading database ... 
(Reading database ... 5%
(Reading database ... 10%
(Reading database ... 15%
(Reading database ... 20%
(Reading database ... 25%
(Reading database ... 30%
(Reading database ... 35%
(Reading database ... 40%
(Reading database ... 45%
(Reading database ... 50%
(Reading database ... 55%
(Reading database ... 60%
(Reading database ... 65%
(Reading database ... 70%
(Reading database ... 75%
(Reading database ... 80%
(Reading database ... 85%
(Reading database ... 90%
(Reading database ... 95%
(Reading database ... 100%
(Reading database ... 9707 files and directories currently installed.)
#25 143.4 Preparing to unpack .../python3_3.9.2-3_amd64.deb ...
#25 143.4 Unpacking python3 (3.9.2-3) ...
#25 143.5 Preparing to unpack .../gpgv_2.2.27-2+deb11u3_amd64.deb ...
#25 143.6 Unpacking gpgv (2.2.27-2+deb11u3) over (2.2.27-2+deb11u2) ...
#25 143.7 Setting up gpgv (2.2.27-2+deb11u3) ...
#25 143.8 Selecting previously unselected package libelf1:amd64.
#25 143.8 (Reading database ... 
(Reading database ... 5%
(Reading database ... 10%
(Reading database ... 15%
(Reading database ... 20%
(Reading database ... 25%
(Reading database ... 30%
(Reading database ... 35%
(Reading database ... 40%
(Reading database ... 45%
(Reading database ... 50%
(Reading database ... 55%
(Reading database ... 60%
(Reading database ... 65%
(Reading database ... 70%
(Reading database ... 75%
(Reading database ... 80%
(Reading database ... 85%
(Reading database ... 90%
(Reading database ... 95%
(Reading database ... 100%
(Reading database ... 9727 files and directories currently installed.)
#25 143.8 Preparing to unpack .../000-libelf1_0.183-1_amd64.deb ...
#25 143.8 Unpacking libelf1:amd64 (0.183-1) ...
#25 144.0 Selecting previously unselected package libbpf0:amd64.
#25 144.0 Preparing to unpack .../001-libbpf0_1%3a0.3-2+deb11u1_amd64.deb ...
#25 144.0 Unpacking libbpf0:amd64 (1:0.3-2+deb11u1) ...
#25 144.1 Selecting previously unselected package libmd0:amd64.
#25 144.1 Preparing to unpack .../002-libmd0_1.0.3-3_amd64.deb ...
#25 144.1 Unpacking libmd0:amd64 (1.0.3-3) ...
#25 144.2 Selecting previously unselected package libbsd0:amd64.
#25 144.2 Preparing to unpack .../003-libbsd0_0.11.3-1+deb11u1_amd64.deb ...
#25 144.2 Unpacking libbsd0:amd64 (0.11.3-1+deb11u1) ...
#25 144.4 Selecting previously unselected package libcap2:amd64.
#25 144.4 Preparing to unpack .../004-libcap2_1%3a2.44-1+deb11u1_amd64.deb ...
#25 144.4 Unpacking libcap2:amd64 (1:2.44-1+deb11u1) ...
#25 144.5 Selecting previously unselected package libmnl0:amd64.
#25 144.5 Preparing to unpack .../005-libmnl0_1.0.4-3_amd64.deb ...
#25 144.5 Unpacking libmnl0:amd64 (1.0.4-3) ...
#25 144.6 Selecting previously unselected package libxtables12:amd64.
#25 144.6 Preparing to unpack .../006-libxtables12_1.8.7-1_amd64.deb ...
#25 144.6 Unpacking libxtables12:amd64 (1.8.7-1) ...
#25 144.7 Selecting previously unselected package libcap2-bin.
#25 144.7 Preparing to unpack .../007-libcap2-bin_1%3a2.44-1+deb11u1_amd64.deb ...
#25 144.7 Unpacking libcap2-bin (1:2.44-1+deb11u1) ...
#25 144.8 Selecting previously unselected package iproute2.
#25 144.8 Preparing to unpack .../008-iproute2_5.10.0-4_amd64.deb ...
#25 144.8 Unpacking iproute2 (5.10.0-4) ...
#25 145.0 Selecting previously unselected package sensible-utils.
#25 145.0 Preparing to unpack .../009-sensible-utils_0.0.14_all.deb ...
#25 145.0 Unpacking sensible-utils (0.0.14) ...
#25 145.1 Selecting previously unselected package xxd.
#25 145.1 Preparing to unpack .../010-xxd_2%3a8.2.2434-3+deb11u3_amd64.deb ...
#25 145.1 Unpacking xxd (2:8.2.2434-3+deb11u3) ...
#25 145.2 Selecting previously unselected package vim-common.
#25 145.2 Preparing to unpack .../011-vim-common_2%3a8.2.2434-3+deb11u3_all.deb ...
#25 145.2 Unpacking vim-common (2:8.2.2434-3+deb11u3) ...
#25 145.3 Selecting previously unselected package bzip2.
#25 145.3 Preparing to unpack .../012-bzip2_1.0.8-4_amd64.deb ...
#25 145.3 Unpacking bzip2 (1.0.8-4) ...
#25 145.4 Selecting previously unselected package gettext-base.
#25 145.4 Preparing to unpack .../013-gettext-base_0.21-4_amd64.deb ...
#25 145.4 Unpacking gettext-base (0.21-4) ...
#25 145.5 Selecting previously unselected package manpages.
#25 145.5 Preparing to unpack .../014-manpages_5.10-1_all.deb ...
#25 145.5 Unpacking manpages (5.10-1) ...
#25 145.7 Selecting previously unselected package ucf.
#25 145.7 Preparing to unpack .../015-ucf_3.0043+deb11u2_all.deb ...
#25 145.7 Moving old data out of the way
#25 145.7 Unpacking ucf (3.0043+deb11u2) ...
#25 145.8 Selecting previously unselected package xz-utils.
#25 145.8 Preparing to unpack .../016-xz-utils_5.2.5-2.1~deb11u1_amd64.deb ...
#25 145.8 Unpacking xz-utils (5.2.5-2.1~deb11u1) ...
#25 145.9 Selecting previously unselected package binutils-common:amd64.
#25 145.9 Preparing to unpack .../017-binutils-common_2.35.2-2_amd64.deb ...
#25 145.9 Unpacking binutils-common:amd64 (2.35.2-2) ...
#25 146.2 Selecting previously unselected package libbinutils:amd64.
#25 146.2 Preparing to unpack .../018-libbinutils_2.35.2-2_amd64.deb ...
#25 146.2 Unpacking libbinutils:amd64 (2.35.2-2) ...
#25 146.4 Selecting previously unselected package libctf-nobfd0:amd64.
#25 146.4 Preparing to unpack .../019-libctf-nobfd0_2.35.2-2_amd64.deb ...
#25 146.4 Unpacking libctf-nobfd0:amd64 (2.35.2-2) ...
#25 146.5 Selecting previously unselected package libctf0:amd64.
#25 146.5 Preparing to unpack .../020-libctf0_2.35.2-2_amd64.deb ...
#25 146.5 Unpacking libctf0:amd64 (2.35.2-2) ...
#25 146.6 Selecting previously unselected package binutils-x86-64-linux-gnu.
#25 146.6 Preparing to unpack .../021-binutils-x86-64-linux-gnu_2.35.2-2_amd64.deb ...
#25 146.6 Unpacking binutils-x86-64-linux-gnu (2.35.2-2) ...
#25 146.8 Selecting previously unselected package binutils.
#25 146.8 Preparing to unpack .../022-binutils_2.35.2-2_amd64.deb ...
#25 146.8 Unpacking binutils (2.35.2-2) ...
#25 146.9 Selecting previously unselected package libc-dev-bin.
#25 146.9 Preparing to unpack .../023-libc-dev-bin_2.31-13+deb11u14_amd64.deb ...
#25 146.9 Unpacking libc-dev-bin (2.31-13+deb11u14) ...
#25 147.0 Selecting previously unselected package linux-libc-dev:amd64.
#25 147.0 Preparing to unpack .../024-linux-libc-dev_5.10.257-1_amd64.deb ...
#25 147.0 Unpacking linux-libc-dev:amd64 (5.10.257-1) ...
#25 147.2 Selecting previously unselected package libcrypt-dev:amd64.
#25 147.2 Preparing to unpack .../025-libcrypt-dev_1%3a4.4.18-4_amd64.deb ...
#25 147.2 Unpacking libcrypt-dev:amd64 (1:4.4.18-4) ...
#25 147.3 Selecting previously unselected package libtirpc-dev:amd64.
#25 147.3 Preparing to unpack .../026-libtirpc-dev_1.3.1-1+deb11u1_amd64.deb ...
#25 147.3 Unpacking libtirpc-dev:amd64 (1.3.1-1+deb11u1) ...
#25 147.4 Selecting previously unselected package libnsl-dev:amd64.
#25 147.4 Preparing to unpack .../027-libnsl-dev_1.3.0-2_amd64.deb ...
#25 147.4 Unpacking libnsl-dev:amd64 (1.3.0-2) ...
#25 147.5 Selecting previously unselected package libc6-dev:amd64.
#25 147.5 Preparing to unpack .../028-libc6-dev_2.31-13+deb11u14_amd64.deb ...
#25 147.5 Unpacking libc6-dev:amd64 (2.31-13+deb11u14) ...
#25 147.8 Selecting previously unselected package libisl23:amd64.
#25 147.8 Preparing to unpack .../029-libisl23_0.23-1_amd64.deb ...
#25 147.8 Unpacking libisl23:amd64 (0.23-1) ...
#25 147.9 Selecting previously unselected package libmpfr6:amd64.
#25 147.9 Preparing to unpack .../030-libmpfr6_4.1.0-3_amd64.deb ...
#25 148.0 Unpacking libmpfr6:amd64 (4.1.0-3) ...
#25 148.1 Selecting previously unselected package libmpc3:amd64.
#25 148.1 Preparing to unpack .../031-libmpc3_1.2.0-1_amd64.deb ...
#25 148.2 Unpacking libmpc3:amd64 (1.2.0-1) ...
#25 148.2 Selecting previously unselected package cpp-10.
#25 148.2 Preparing to unpack .../032-cpp-10_10.2.1-6_amd64.deb ...
#25 148.3 Unpacking cpp-10 (10.2.1-6) ...
#25 148.9 Selecting previously unselected package cpp.
#25 148.9 Preparing to unpack .../033-cpp_4%3a10.2.1-1_amd64.deb ...
#25 148.9 Unpacking cpp (4:10.2.1-1) ...
#25 149.0 Selecting previously unselected package libcc1-0:amd64.
#25 149.0 Preparing to unpack .../034-libcc1-0_10.2.1-6_amd64.deb ...
#25 149.1 Unpacking libcc1-0:amd64 (10.2.1-6) ...
#25 149.2 Selecting previously unselected package libgomp1:amd64.
#25 149.2 Preparing to unpack .../035-libgomp1_10.2.1-6_amd64.deb ...
#25 149.2 Unpacking libgomp1:amd64 (10.2.1-6) ...
#25 149.3 Selecting previously unselected package libitm1:amd64.
#25 149.3 Preparing to unpack .../036-libitm1_10.2.1-6_amd64.deb ...
#25 149.3 Unpacking libitm1:amd64 (10.2.1-6) ...
#25 149.4 Selecting previously unselected package libatomic1:amd64.
#25 149.4 Preparing to unpack .../037-libatomic1_10.2.1-6_amd64.deb ...
#25 149.4 Unpacking libatomic1:amd64 (10.2.1-6) ...
#25 149.5 Selecting previously unselected package libasan6:amd64.
#25 149.5 Preparing to unpack .../038-libasan6_10.2.1-6_amd64.deb ...
#25 149.5 Unpacking libasan6:amd64 (10.2.1-6) ...
#25 149.8 Selecting previously unselected package liblsan0:amd64.
#25 149.8 Preparing to unpack .../039-liblsan0_10.2.1-6_amd64.deb ...
#25 149.8 Unpacking liblsan0:amd64 (10.2.1-6) ...
#25 150.0 Selecting previously unselected package libtsan0:amd64.
#25 150.0 Preparing to unpack .../040-libtsan0_10.2.1-6_amd64.deb ...
#25 150.0 Unpacking libtsan0:amd64 (10.2.1-6) ...
#25 150.3 Selecting previously unselected package libubsan1:amd64.
#25 150.3 Preparing to unpack .../041-libubsan1_10.2.1-6_amd64.deb ...
#25 150.3 Unpacking libubsan1:amd64 (10.2.1-6) ...
#25 150.4 Selecting previously unselected package libquadmath0:amd64.
#25 150.4 Preparing to unpack .../042-libquadmath0_10.2.1-6_amd64.deb ...
#25 150.5 Unpacking libquadmath0:amd64 (10.2.1-6) ...
#25 150.5 Selecting previously unselected package libgcc-10-dev:amd64.
#25 150.5 Preparing to unpack .../043-libgcc-10-dev_10.2.1-6_amd64.deb ...
#25 150.6 Unpacking libgcc-10-dev:amd64 (10.2.1-6) ...
#25 150.8 Selecting previously unselected package gcc-10.
#25 150.8 Preparing to unpack .../044-gcc-10_10.2.1-6_amd64.deb ...
#25 150.8 Unpacking gcc-10 (10.2.1-6) ...
#25 151.9 Selecting previously unselected package gcc.
#25 151.9 Preparing to unpack .../045-gcc_4%3a10.2.1-1_amd64.deb ...
#25 152.0 Unpacking gcc (4:10.2.1-1) ...
#25 152.1 Selecting previously unselected package libstdc++-10-dev:amd64.
#25 152.1 Preparing to unpack .../046-libstdc++-10-dev_10.2.1-6_amd64.deb ...
#25 152.1 Unpacking libstdc++-10-dev:amd64 (10.2.1-6) ...
#25 152.3 Selecting previously unselected package g++-10.
#25 152.3 Preparing to unpack .../047-g++-10_10.2.1-6_amd64.deb ...
#25 152.3 Unpacking g++-10 (10.2.1-6) ...
#25 153.0 Selecting previously unselected package g++.
#25 153.0 Preparing to unpack .../048-g++_4%3a10.2.1-1_amd64.deb ...
#25 153.0 Unpacking g++ (4:10.2.1-1) ...
#25 153.1 Selecting previously unselected package make.
#25 153.1 Preparing to unpack .../049-make_4.3-4.1_amd64.deb ...
#25 153.1 Unpacking make (4.3-4.1) ...
#25 153.2 Selecting previously unselected package libdpkg-perl.
#25 153.2 Preparing to unpack .../050-libdpkg-perl_1.20.13_all.deb ...
#25 153.2 Unpacking libdpkg-perl (1.20.13) ...
#25 153.3 Selecting previously unselected package patch.
#25 153.3 Preparing to unpack .../051-patch_2.7.6-7_amd64.deb ...
#25 153.3 Unpacking patch (2.7.6-7) ...
#25 153.4 Selecting previously unselected package dpkg-dev.
#25 153.4 Preparing to unpack .../052-dpkg-dev_1.20.13_all.deb ...
#25 153.4 Unpacking dpkg-dev (1.20.13) ...
#25 153.6 Selecting previously unselected package build-essential.
#25 153.6 Preparing to unpack .../053-build-essential_12.9_amd64.deb ...
#25 153.6 Unpacking build-essential (12.9) ...
#25 153.7 Selecting previously unselected package libbrotli1:amd64.
#25 153.7 Preparing to unpack .../054-libbrotli1_1.0.9-2+b2_amd64.deb ...
#25 153.8 Unpacking libbrotli1:amd64 (1.0.9-2+b2) ...
#25 153.9 Selecting previously unselected package libsasl2-modules-db:amd64.
#25 153.9 Preparing to unpack .../055-libsasl2-modules-db_2.1.27+dfsg-2.1+deb11u1_amd64.deb ...
#25 153.9 Unpacking libsasl2-modules-db:amd64 (2.1.27+dfsg-2.1+deb11u1) ...
#25 154.0 Selecting previously unselected package libsasl2-2:amd64.
#25 154.0 Preparing to unpack .../056-libsasl2-2_2.1.27+dfsg-2.1+deb11u1_amd64.deb ...
#25 154.0 Unpacking libsasl2-2:amd64 (2.1.27+dfsg-2.1+deb11u1) ...
#25 154.1 Selecting previously unselected package libldap-2.4-2:amd64.
#25 154.1 Preparing to unpack .../057-libldap-2.4-2_2.4.57+dfsg-3+deb11u1_amd64.deb ...
#25 154.1 Unpacking libldap-2.4-2:amd64 (2.4.57+dfsg-3+deb11u1) ...
#25 154.2 Selecting previously unselected package libnghttp2-14:amd64.
#25 154.2 Preparing to unpack .../058-libnghttp2-14_1.43.0-1+deb11u3_amd64.deb ...
#25 154.3 Unpacking libnghttp2-14:amd64 (1.43.0-1+deb11u3) ...
#25 154.4 Selecting previously unselected package libpsl5:amd64.
#25 154.4 Preparing to unpack .../059-libpsl5_0.21.0-1.2_amd64.deb ...
#25 154.4 Unpacking libpsl5:amd64 (0.21.0-1.2) ...
#25 154.5 Selecting previously unselected package librtmp1:amd64.
#25 154.5 Preparing to unpack .../060-librtmp1_2.4+20151223.gitfa8646d.1-2+b2_amd64.deb ...
#25 154.5 Unpacking librtmp1:amd64 (2.4+20151223.gitfa8646d.1-2+b2) ...
#25 154.6 Selecting previously unselected package libssh2-1:amd64.
#25 154.6 Preparing to unpack .../061-libssh2-1_1.9.0-2+deb11u1_amd64.deb ...
#25 154.6 Unpacking libssh2-1:amd64 (1.9.0-2+deb11u1) ...
#25 154.7 Selecting previously unselected package libcurl4:amd64.
#25 154.7 Preparing to unpack .../062-libcurl4_7.74.0-1.3+deb11u16_amd64.deb ...
#25 154.8 Unpacking libcurl4:amd64 (7.74.0-1.3+deb11u16) ...
#25 154.9 Selecting previously unselected package curl.
#25 154.9 Preparing to unpack .../063-curl_7.74.0-1.3+deb11u16_amd64.deb ...
#25 154.9 Unpacking curl (7.74.0-1.3+deb11u16) ...
#25 155.0 Selecting previously unselected package libassuan0:amd64.
#25 155.0 Preparing to unpack .../064-libassuan0_2.5.3-7.1_amd64.deb ...
#25 155.0 Unpacking libassuan0:amd64 (2.5.3-7.1) ...
#25 155.1 Selecting previously unselected package gpgconf.
#25 155.1 Preparing to unpack .../065-gpgconf_2.2.27-2+deb11u3_amd64.deb ...
#25 155.1 Unpacking gpgconf (2.2.27-2+deb11u3) ...
#25 155.2 Selecting previously unselected package libksba8:amd64.
#25 155.2 Preparing to unpack .../066-libksba8_1.5.0-3+deb11u2_amd64.deb ...
#25 155.2 Unpacking libksba8:amd64 (1.5.0-3+deb11u2) ...
#25 155.3 Selecting previously unselected package libnpth0:amd64.
#25 155.3 Preparing to unpack .../067-libnpth0_1.6-3_amd64.deb ...
#25 155.3 Unpacking libnpth0:amd64 (1.6-3) ...
#25 155.4 Selecting previously unselected package dirmngr.
#25 155.4 Preparing to unpack .../068-dirmngr_2.2.27-2+deb11u3_amd64.deb ...
#25 155.5 Unpacking dirmngr (2.2.27-2+deb11u3) ...
#25 155.6 Selecting previously unselected package libfakeroot:amd64.
#25 155.6 Preparing to unpack .../069-libfakeroot_1.25.3-1.1_amd64.deb ...
#25 155.6 Unpacking libfakeroot:amd64 (1.25.3-1.1) ...
#25 155.7 Selecting previously unselected package fakeroot.
#25 155.7 Preparing to unpack .../070-fakeroot_1.25.3-1.1_amd64.deb ...
#25 155.7 Unpacking fakeroot (1.25.3-1.1) ...
#25 155.8 Selecting previously unselected package fonts-dejavu-core.
#25 155.8 Preparing to unpack .../071-fonts-dejavu-core_2.37-2_all.deb ...
#25 155.8 Unpacking fonts-dejavu-core (2.37-2) ...
#25 156.0 Selecting previously unselected package fontconfig-config.
#25 156.0 Preparing to unpack .../072-fontconfig-config_2.13.1-4.2_all.deb ...
#25 156.1 Unpacking fontconfig-config (2.13.1-4.2) ...
#25 156.2 Selecting previously unselected package geoip-database.
#25 156.2 Preparing to unpack .../073-geoip-database_20191224-3_all.deb ...
#25 156.3 Unpacking geoip-database (20191224-3) ...
#25 156.6 Selecting previously unselected package libicu67:amd64.
#25 156.6 Preparing to unpack .../074-libicu67_67.1-7+deb11u1_amd64.deb ...
#25 156.6 Unpacking libicu67:amd64 (67.1-7+deb11u1) ...
#25 157.2 Selecting previously unselected package libxml2:amd64.
#25 157.2 Preparing to unpack .../075-libxml2_2.9.10+dfsg-6.7+deb11u10_amd64.deb ...
#25 157.2 Unpacking libxml2:amd64 (2.9.10+dfsg-6.7+deb11u10) ...
#25 157.3 Selecting previously unselected package gettext.
#25 157.3 Preparing to unpack .../076-gettext_0.21-4_amd64.deb ...
#25 157.4 Unpacking gettext (0.21-4) ...
#25 157.5 Selecting previously unselected package gnupg-l10n.
#25 157.5 Preparing to unpack .../077-gnupg-l10n_2.2.27-2+deb11u3_all.deb ...
#25 157.5 Unpacking gnupg-l10n (2.2.27-2+deb11u3) ...
#25 157.7 Selecting previously unselected package gnupg-utils.
#25 157.7 Preparing to unpack .../078-gnupg-utils_2.2.27-2+deb11u3_amd64.deb ...
#25 157.7 Unpacking gnupg-utils (2.2.27-2+deb11u3) ...
#25 157.8 Selecting previously unselected package gpg.
#25 157.8 Preparing to unpack .../079-gpg_2.2.27-2+deb11u3_amd64.deb ...
#25 157.8 Unpacking gpg (2.2.27-2+deb11u3) ...
#25 157.9 Selecting previously unselected package pinentry-curses.
#25 157.9 Preparing to unpack .../080-pinentry-curses_1.1.0-4_amd64.deb ...
#25 157.9 Unpacking pinentry-curses (1.1.0-4) ...
#25 158.0 Selecting previously unselected package gpg-agent.
#25 158.0 Preparing to unpack .../081-gpg-agent_2.2.27-2+deb11u3_amd64.deb ...
#25 158.1 Unpacking gpg-agent (2.2.27-2+deb11u3) ...
#25 158.2 Selecting previously unselected package gpg-wks-client.
#25 158.2 Preparing to unpack .../082-gpg-wks-client_2.2.27-2+deb11u3_amd64.deb ...
#25 158.2 Unpacking gpg-wks-client (2.2.27-2+deb11u3) ...
#25 158.3 Selecting previously unselected package gpg-wks-server.
#25 158.3 Preparing to unpack .../083-gpg-wks-server_2.2.27-2+deb11u3_amd64.deb ...
#25 158.3 Unpacking gpg-wks-server (2.2.27-2+deb11u3) ...
#25 158.4 Selecting previously unselected package gpgsm.
#25 158.4 Preparing to unpack .../084-gpgsm_2.2.27-2+deb11u3_amd64.deb ...
#25 158.4 Unpacking gpgsm (2.2.27-2+deb11u3) ...
#25 158.5 Selecting previously unselected package gnupg.
#25 158.5 Preparing to unpack .../085-gnupg_2.2.27-2+deb11u3_all.deb ...
#25 158.5 Unpacking gnupg (2.2.27-2+deb11u3) ...
#25 158.7 Selecting previously unselected package javascript-common.
#25 158.7 Preparing to unpack .../086-javascript-common_11+nmu1_all.deb ...
#25 158.7 Unpacking javascript-common (11+nmu1) ...
#25 158.8 Selecting previously unselected package libalgorithm-diff-perl.
#25 158.8 Preparing to unpack .../087-libalgorithm-diff-perl_1.201-1_all.deb ...
#25 158.8 Unpacking libalgorithm-diff-perl (1.201-1) ...
#25 158.9 Selecting previously unselected package libalgorithm-diff-xs-perl.
#25 158.9 Preparing to unpack .../088-libalgorithm-diff-xs-perl_0.04-6+b1_amd64.deb ...
#25 158.9 Unpacking libalgorithm-diff-xs-perl (0.04-6+b1) ...
#25 159.0 Selecting previously unselected package libalgorithm-merge-perl.
#25 159.0 Preparing to unpack .../089-libalgorithm-merge-perl_0.08-3_all.deb ...
#25 159.0 Unpacking libalgorithm-merge-perl (0.08-3) ...
#25 159.1 Selecting previously unselected package libatm1:amd64.
#25 159.1 Preparing to unpack .../090-libatm1_1%3a2.5.1-4_amd64.deb ...
#25 159.1 Unpacking libatm1:amd64 (1:2.5.1-4) ...
#25 159.2 Selecting previously unselected package libpng16-16:amd64.
#25 159.2 Preparing to unpack .../091-libpng16-16_1.6.37-3+deb11u4_amd64.deb ...
#25 159.3 Unpacking libpng16-16:amd64 (1.6.37-3+deb11u4) ...
#25 159.4 Selecting previously unselected package libfreetype6:amd64.
#25 159.4 Preparing to unpack .../092-libfreetype6_2.10.4+dfsg-1+deb11u2_amd64.deb ...
#25 159.4 Unpacking libfreetype6:amd64 (2.10.4+dfsg-1+deb11u2) ...
#25 159.5 Selecting previously unselected package libfontconfig1:amd64.
#25 159.5 Preparing to unpack .../093-libfontconfig1_2.13.1-4.2_amd64.deb ...
#25 159.5 Unpacking libfontconfig1:amd64 (2.13.1-4.2) ...
#25 159.6 Selecting previously unselected package libjpeg62-turbo:amd64.
#25 159.6 Preparing to unpack .../094-libjpeg62-turbo_1%3a2.0.6-4_amd64.deb ...
#25 159.7 Unpacking libjpeg62-turbo:amd64 (1:2.0.6-4) ...
#25 159.8 Selecting previously unselected package libdeflate0:amd64.
#25 159.8 Preparing to unpack .../095-libdeflate0_1.7-1_amd64.deb ...
#25 159.8 Unpacking libdeflate0:amd64 (1.7-1) ...
#25 159.9 Selecting previously unselected package libjbig0:amd64.
#25 159.9 Preparing to unpack .../096-libjbig0_2.1-3.1+b2_amd64.deb ...
#25 159.9 Unpacking libjbig0:amd64 (2.1-3.1+b2) ...
#25 160.0 Selecting previously unselected package libwebp6:amd64.
#25 160.0 Preparing to unpack .../097-libwebp6_0.6.1-2.1+deb11u2_amd64.deb ...
#25 160.0 Unpacking libwebp6:amd64 (0.6.1-2.1+deb11u2) ...
#25 160.1 Selecting previously unselected package libtiff5:amd64.
#25 160.1 Preparing to unpack .../098-libtiff5_4.2.0-1+deb11u8_amd64.deb ...
#25 160.2 Unpacking libtiff5:amd64 (4.2.0-1+deb11u8) ...
#25 160.3 Selecting previously unselected package libxau6:amd64.
#25 160.3 Preparing to unpack .../099-libxau6_1%3a1.0.9-1_amd64.deb ...
#25 160.3 Unpacking libxau6:amd64 (1:1.0.9-1) ...
#25 160.4 Selecting previously unselected package libxdmcp6:amd64.
#25 160.4 Preparing to unpack .../100-libxdmcp6_1%3a1.1.2-3_amd64.deb ...
#25 160.4 Unpacking libxdmcp6:amd64 (1:1.1.2-3) ...
#25 160.5 Selecting previously unselected package libxcb1:amd64.
#25 160.5 Preparing to unpack .../101-libxcb1_1.14-3_amd64.deb ...
#25 160.5 Unpacking libxcb1:amd64 (1.14-3) ...
#25 160.6 Selecting previously unselected package libx11-data.
#25 160.6 Preparing to unpack .../102-libx11-data_2%3a1.7.2-1+deb11u2_all.deb ...
#25 160.6 Unpacking libx11-data (2:1.7.2-1+deb11u2) ...
#25 160.8 Selecting previously unselected package libx11-6:amd64.
#25 160.8 Preparing to unpack .../103-libx11-6_2%3a1.7.2-1+deb11u2_amd64.deb ...
#25 160.8 Unpacking libx11-6:amd64 (2:1.7.2-1+deb11u2) ...
#25 160.9 Selecting previously unselected package libxpm4:amd64.
#25 160.9 Preparing to unpack .../104-libxpm4_1%3a3.5.12-1.1+deb11u1_amd64.deb ...
#25 161.0 Unpacking libxpm4:amd64 (1:3.5.12-1.1+deb11u1) ...
#25 161.1 Selecting previously unselected package libgd3:amd64.
#25 161.1 Preparing to unpack .../105-libgd3_2.3.0-2+deb11u1_amd64.deb ...
#25 161.1 Unpacking libgd3:amd64 (2.3.0-2+deb11u1) ...
#25 161.2 Selecting previously unselected package libc-devtools.
#25 161.2 Preparing to unpack .../106-libc-devtools_2.31-13+deb11u14_amd64.deb ...
#25 161.2 Unpacking libc-devtools (2.31-13+deb11u14) ...
#25 161.3 Selecting previously unselected package libexpat1-dev:amd64.
#25 161.3 Preparing to unpack .../107-libexpat1-dev_2.2.10-2+deb11u7_amd64.deb ...
#25 161.3 Unpacking libexpat1-dev:amd64 (2.2.10-2+deb11u7) ...
#25 161.4 Selecting previously unselected package libfile-fcntllock-perl.
#25 161.4 Preparing to unpack .../108-libfile-fcntllock-perl_0.22-3+b7_amd64.deb ...
#25 161.4 Unpacking libfile-fcntllock-perl (0.22-3+b7) ...
#25 161.5 Selecting previously unselected package libgeoip1:amd64.
#25 161.5 Preparing to unpack .../109-libgeoip1_1.6.12-7_amd64.deb ...
#25 161.5 Unpacking libgeoip1:amd64 (1.6.12-7) ...
#25 161.6 Selecting previously unselected package libgpm2:amd64.
#25 161.6 Preparing to unpack .../110-libgpm2_1.20.7-8_amd64.deb ...
#25 161.6 Unpacking libgpm2:amd64 (1.20.7-8) ...
#25 161.8 Selecting previously unselected package libjs-jquery.
#25 161.8 Preparing to unpack .../111-libjs-jquery_3.5.1+dfsg+~3.5.5-7_all.deb ...
#25 161.9 Unpacking libjs-jquery (3.5.1+dfsg+~3.5.5-7) ...
#25 161.9 Selecting previously unselected package libjs-underscore.
#25 162.0 Preparing to unpack .../112-libjs-underscore_1.9.1~dfsg-3_all.deb ...
#25 162.0 Unpacking libjs-underscore (1.9.1~dfsg-3) ...
#25 162.1 Selecting previously unselected package libjs-sphinxdoc.
#25 162.1 Preparing to unpack .../113-libjs-sphinxdoc_3.4.3-2_all.deb ...
#25 162.1 Unpacking libjs-sphinxdoc (3.4.3-2) ...
#25 162.2 Selecting previously unselected package libldap-common.
#25 162.2 Preparing to unpack .../114-libldap-common_2.4.57+dfsg-3+deb11u1_all.deb ...
#25 162.2 Unpacking libldap-common (2.4.57+dfsg-3+deb11u1) ...
#25 162.3 Selecting previously unselected package nginx-common.
#25 162.3 Preparing to unpack .../115-nginx-common_1.18.0-6.1+deb11u7_all.deb ...
#25 162.4 Unpacking nginx-common (1.18.0-6.1+deb11u7) ...
#25 162.5 Selecting previously unselected package libnginx-mod-http-geoip.
#25 162.5 Preparing to unpack .../116-libnginx-mod-http-geoip_1.18.0-6.1+deb11u7_amd64.deb ...
#25 162.5 Unpacking libnginx-mod-http-geoip (1.18.0-6.1+deb11u7) ...
#25 162.7 Selecting previously unselected package libnginx-mod-http-image-filter.
#25 162.7 Preparing to unpack .../117-libnginx-mod-http-image-filter_1.18.0-6.1+deb11u7_amd64.deb ...
#25 162.7 Unpacking libnginx-mod-http-image-filter (1.18.0-6.1+deb11u7) ...
#25 162.8 Selecting previously unselected package libxslt1.1:amd64.
#25 162.8 Preparing to unpack .../118-libxslt1.1_1.1.34-4+deb11u3_amd64.deb ...
#25 162.8 Unpacking libxslt1.1:amd64 (1.1.34-4+deb11u3) ...
#25 162.9 Selecting previously unselected package libnginx-mod-http-xslt-filter.
#25 162.9 Preparing to unpack .../119-libnginx-mod-http-xslt-filter_1.18.0-6.1+deb11u7_amd64.deb ...
#25 162.9 Unpacking libnginx-mod-http-xslt-filter (1.18.0-6.1+deb11u7) ...
#25 163.0 Selecting previously unselected package libnginx-mod-mail.
#25 163.0 Preparing to unpack .../120-libnginx-mod-mail_1.18.0-6.1+deb11u7_amd64.deb ...
#25 163.0 Unpacking libnginx-mod-mail (1.18.0-6.1+deb11u7) ...
#25 163.2 Selecting previously unselected package libnginx-mod-stream.
#25 163.2 Preparing to unpack .../121-libnginx-mod-stream_1.18.0-6.1+deb11u7_amd64.deb ...
#25 163.2 Unpacking libnginx-mod-stream (1.18.0-6.1+deb11u7) ...
#25 163.3 Selecting previously unselected package libnginx-mod-stream-geoip.
#25 163.3 Preparing to unpack .../122-libnginx-mod-stream-geoip_1.18.0-6.1+deb11u7_amd64.deb ...
#25 163.3 Unpacking libnginx-mod-stream-geoip (1.18.0-6.1+deb11u7) ...
#25 163.4 Selecting previously unselected package libpam-cap:amd64.
#25 163.4 Preparing to unpack .../123-libpam-cap_1%3a2.44-1+deb11u1_amd64.deb ...
#25 163.4 Unpacking libpam-cap:amd64 (1:2.44-1+deb11u1) ...
#25 163.5 Selecting previously unselected package libpython3.9:amd64.
#25 163.5 Preparing to unpack .../124-libpython3.9_3.9.2-1+deb11u7_amd64.deb ...
#25 163.5 Unpacking libpython3.9:amd64 (3.9.2-1+deb11u7) ...
#25 163.7 Selecting previously unselected package libpython3.9-dev:amd64.
#25 163.7 Preparing to unpack .../125-libpython3.9-dev_3.9.2-1+deb11u7_amd64.deb ...
#25 163.7 Unpacking libpython3.9-dev:amd64 (3.9.2-1+deb11u7) ...
#25 164.1 Selecting previously unselected package libpython3-dev:amd64.
#25 164.1 Preparing to unpack .../126-libpython3-dev_3.9.2-3_amd64.deb ...
#25 164.1 Unpacking libpython3-dev:amd64 (3.9.2-3) ...
#25 164.2 Selecting previously unselected package libsasl2-modules:amd64.
#25 164.2 Preparing to unpack .../127-libsasl2-modules_2.1.27+dfsg-2.1+deb11u1_amd64.deb ...
#25 164.2 Unpacking libsasl2-modules:amd64 (2.1.27+dfsg-2.1+deb11u1) ...
#25 164.3 Selecting previously unselected package manpages-dev.
#25 164.3 Preparing to unpack .../128-manpages-dev_5.10-1_all.deb ...
#25 164.3 Unpacking manpages-dev (5.10-1) ...
#25 164.6 Selecting previously unselected package nginx-core.
#25 164.6 Preparing to unpack .../129-nginx-core_1.18.0-6.1+deb11u7_amd64.deb ...
#25 164.6 Unpacking nginx-core (1.18.0-6.1+deb11u7) ...
#25 164.7 Selecting previously unselected package nginx.
#25 164.7 Preparing to unpack .../130-nginx_1.18.0-6.1+deb11u7_all.deb ...
#25 164.8 Unpacking nginx (1.18.0-6.1+deb11u7) ...
#25 164.8 Selecting previously unselected package publicsuffix.
#25 164.8 Preparing to unpack .../131-publicsuffix_20220811.1734-0+deb11u1_all.deb ...
#25 164.9 Unpacking publicsuffix (20220811.1734-0+deb11u1) ...
#25 164.9 Selecting previously unselected package zlib1g-dev:amd64.
#25 164.9 Preparing to unpack .../132-zlib1g-dev_1%3a1.2.11.dfsg-2+deb11u2_amd64.deb ...
#25 165.0 Unpacking zlib1g-dev:amd64 (1:1.2.11.dfsg-2+deb11u2) ...
#25 165.0 Selecting previously unselected package python3.9-dev.
#25 165.1 Preparing to unpack .../133-python3.9-dev_3.9.2-1+deb11u7_amd64.deb ...
#25 165.1 Unpacking python3.9-dev (3.9.2-1+deb11u7) ...
#25 165.2 Selecting previously unselected package python3-lib2to3.
#25 165.2 Preparing to unpack .../134-python3-lib2to3_3.9.2-1_all.deb ...
#25 165.2 Unpacking python3-lib2to3 (3.9.2-1) ...
#25 165.3 Selecting previously unselected package python3-distutils.
#25 165.3 Preparing to unpack .../135-python3-distutils_3.9.2-1_all.deb ...
#25 165.3 Unpacking python3-distutils (3.9.2-1) ...
#25 165.4 Selecting previously unselected package python3-dev.
#25 165.4 Preparing to unpack .../136-python3-dev_3.9.2-3_amd64.deb ...
#25 165.4 Unpacking python3-dev (3.9.2-3) ...
#25 165.5 Selecting previously unselected package python3-pkg-resources.
#25 165.5 Preparing to unpack .../137-python3-pkg-resources_52.0.0-4+deb11u2_all.deb ...
#25 165.5 Unpacking python3-pkg-resources (52.0.0-4+deb11u2) ...
#25 165.6 Selecting previously unselected package python3-setuptools.
#25 165.6 Preparing to unpack .../138-python3-setuptools_52.0.0-4+deb11u2_all.deb ...
#25 165.6 Unpacking python3-setuptools (52.0.0-4+deb11u2) ...
#25 165.8 Selecting previously unselected package vim-runtime.
#25 165.8 Preparing to unpack .../139-vim-runtime_2%3a8.2.2434-3+deb11u3_all.deb ...
#25 165.8 Adding 'diversion of /usr/share/vim/vim82/doc/help.txt to /usr/share/vim/vim82/doc/help.txt.vim-tiny by vim-runtime'
#25 165.8 Adding 'diversion of /usr/share/vim/vim82/doc/tags to /usr/share/vim/vim82/doc/tags.vim-tiny by vim-runtime'
#25 165.8 Unpacking vim-runtime (2:8.2.2434-3+deb11u3) ...
#25 166.3 Selecting previously unselected package vim.
#25 166.3 Preparing to unpack .../140-vim_2%3a8.2.2434-3+deb11u3_amd64.deb ...
#25 166.3 Unpacking vim (2:8.2.2434-3+deb11u3) ...
#25 166.5 Setting up libksba8:amd64 (1.5.0-3+deb11u2) ...
#25 166.6 Setting up media-types (4.0.0) ...
#25 166.6 Setting up javascript-common (11+nmu1) ...
#25 166.7 Setting up libxau6:amd64 (1:1.0.9-1) ...
#25 166.7 Setting up libpsl5:amd64 (0.21.0-1.2) ...
#25 166.8 Setting up libgpm2:amd64 (1.20.7-8) ...
#25 166.8 Setting up libicu67:amd64 (67.1-7+deb11u1) ...
#25 166.9 Setting up manpages (5.10-1) ...
#25 166.9 Setting up perl-modules-5.32 (5.32.1-4+deb11u5) ...
#25 167.0 Setting up libbrotli1:amd64 (1.0.9-2+b2) ...
#25 167.0 Setting up libsasl2-modules:amd64 (2.1.27+dfsg-2.1+deb11u1) ...
#25 167.1 Setting up binutils-common:amd64 (2.35.2-2) ...
#25 167.1 Setting up libnghttp2-14:amd64 (1.43.0-1+deb11u3) ...
#25 167.2 Setting up libdeflate0:amd64 (1.7-1) ...
#25 167.2 Setting up linux-libc-dev:amd64 (5.10.257-1) ...
#25 167.2 Setting up libctf-nobfd0:amd64 (2.35.2-2) ...
#25 167.4 Setting up gettext-base (0.21-4) ...
#25 167.4 Setting up nginx-common (1.18.0-6.1+deb11u7) ...
#25 167.9 Setting up libnpth0:amd64 (1.6-3) ...
#25 167.9 Setting up libassuan0:amd64 (2.5.3-7.1) ...
#25 167.9 Setting up libgomp1:amd64 (10.2.1-6) ...
#25 168.0 Setting up libatm1:amd64 (1:2.5.1-4) ...
#25 168.0 Setting up bzip2 (1.0.8-4) ...
#25 168.1 Setting up libldap-common (2.4.57+dfsg-3+deb11u1) ...
#25 168.2 Setting up libjbig0:amd64 (2.1-3.1+b2) ...
#25 168.2 Setting up xxd (2:8.2.2434-3+deb11u3) ...
#25 168.3 Setting up libcap2:amd64 (1:2.44-1+deb11u1) ...
#25 168.3 Setting up libfakeroot:amd64 (1.25.3-1.1) ...
#25 168.4 Setting up libasan6:amd64 (10.2.1-6) ...
#25 168.4 Setting up libsasl2-modules-db:amd64 (2.1.27+dfsg-2.1+deb11u1) ...
#25 168.4 Setting up libcap2-bin (1:2.44-1+deb11u1) ...
#25 168.5 Setting up fakeroot (1.25.3-1.1) ...
#25 168.5 update-alternatives: using /usr/bin/fakeroot-sysv to provide /usr/bin/fakeroot (fakeroot) in auto mode
#25 168.5 update-alternatives: warning: skip creation of /usr/share/man/man1/fakeroot.1.gz because associated file /usr/share/man/man1/fakeroot-sysv.1.gz (of link group fakeroot) doesn't exist
#25 168.5 update-alternatives: warning: skip creation of /usr/share/man/man1/faked.1.gz because associated file /usr/share/man/man1/faked-sysv.1.gz (of link group fakeroot) doesn't exist
#25 168.5 update-alternatives: warning: skip creation of /usr/share/man/es/man1/fakeroot.1.gz because associated file /usr/share/man/es/man1/fakeroot-sysv.1.gz (of link group fakeroot) doesn't exist
#25 168.5 update-alternatives: warning: skip creation of /usr/share/man/es/man1/faked.1.gz because associated file /usr/share/man/es/man1/faked-sysv.1.gz (of link group fakeroot) doesn't exist
#25 168.5 update-alternatives: warning: skip creation of /usr/share/man/fr/man1/fakeroot.1.gz because associated file /usr/share/man/fr/man1/fakeroot-sysv.1.gz (of link group fakeroot) doesn't exist
#25 168.5 update-alternatives: warning: skip creation of /usr/share/man/fr/man1/faked.1.gz because associated file /usr/share/man/fr/man1/faked-sysv.1.gz (of link group fakeroot) doesn't exist
#25 168.5 update-alternatives: warning: skip creation of /usr/share/man/sv/man1/fakeroot.1.gz because associated file /usr/share/man/sv/man1/fakeroot-sysv.1.gz (of link group fakeroot) doesn't exist
#25 168.5 update-alternatives: warning: skip creation of /usr/share/man/sv/man1/faked.1.gz because associated file /usr/share/man/sv/man1/faked-sysv.1.gz (of link group fakeroot) doesn't exist
#25 168.6 Setting up libtirpc-dev:amd64 (1.3.1-1+deb11u1) ...
#25 168.6 Setting up vim-common (2:8.2.2434-3+deb11u3) ...
#25 168.7 Setting up libjpeg62-turbo:amd64 (1:2.0.6-4) ...
#25 168.7 Setting up libx11-data (2:1.7.2-1+deb11u2) ...
#25 168.7 Setting up make (4.3-4.1) ...
#25 168.8 Setting up libmpfr6:amd64 (4.1.0-3) ...
#25 168.8 Setting up gnupg-l10n (2.2.27-2+deb11u3) ...
#25 168.9 Setting up librtmp1:amd64 (2.4+20151223.gitfa8646d.1-2+b2) ...
#25 168.9 Setting up xz-utils (5.2.5-2.1~deb11u1) ...
#25 168.9 update-alternatives: using /usr/bin/xz to provide /usr/bin/lzma (lzma) in auto mode
#25 168.9 update-alternatives: warning: skip creation of /usr/share/man/man1/lzma.1.gz because associated file /usr/share/man/man1/xz.1.gz (of link group lzma) doesn't exist
#25 168.9 update-alternatives: warning: skip creation of /usr/share/man/man1/unlzma.1.gz because associated file /usr/share/man/man1/unxz.1.gz (of link group lzma) doesn't exist
#25 168.9 update-alternatives: warning: skip creation of /usr/share/man/man1/lzcat.1.gz because associated file /usr/share/man/man1/xzcat.1.gz (of link group lzma) doesn't exist
#25 168.9 update-alternatives: warning: skip creation of /usr/share/man/man1/lzmore.1.gz because associated file /usr/share/man/man1/xzmore.1.gz (of link group lzma) doesn't exist
#25 168.9 update-alternatives: warning: skip creation of /usr/share/man/man1/lzless.1.gz because associated file /usr/share/man/man1/xzless.1.gz (of link group lzma) doesn't exist
#25 168.9 update-alternatives: warning: skip creation of /usr/share/man/man1/lzdiff.1.gz because associated file /usr/share/man/man1/xzdiff.1.gz (of link group lzma) doesn't exist
#25 168.9 update-alternatives: warning: skip creation of /usr/share/man/man1/lzcmp.1.gz because associated file /usr/share/man/man1/xzcmp.1.gz (of link group lzma) doesn't exist
#25 168.9 update-alternatives: warning: skip creation of /usr/share/man/man1/lzgrep.1.gz because associated file /usr/share/man/man1/xzgrep.1.gz (of link group lzma) doesn't exist
#25 168.9 update-alternatives: warning: skip creation of /usr/share/man/man1/lzegrep.1.gz because associated file /usr/share/man/man1/xzegrep.1.gz (of link group lzma) doesn't exist
#25 168.9 update-alternatives: warning: skip creation of /usr/share/man/man1/lzfgrep.1.gz because associated file /usr/share/man/man1/xzfgrep.1.gz (of link group lzma) doesn't exist
#25 169.0 Setting up libquadmath0:amd64 (10.2.1-6) ...
#25 169.0 Setting up libpng16-16:amd64 (1.6.37-3+deb11u4) ...
#25 169.1 Setting up libmpc3:amd64 (1.2.0-1) ...
#25 169.1 Setting up libmnl0:amd64 (1.0.4-3) ...
#25 169.1 Setting up libatomic1:amd64 (10.2.1-6) ...
#25 169.2 Setting up patch (2.7.6-7) ...
#25 169.2 Setting up libwebp6:amd64 (0.6.1-2.1+deb11u2) ...
#25 169.3 Setting up fonts-dejavu-core (2.37-2) ...
#25 169.6 Setting up libgdbm-compat4:amd64 (1.19-2) ...
#25 169.6 Setting up libxtables12:amd64 (1.8.7-1) ...
#25 169.7 Setting up libperl5.32:amd64 (5.32.1-4+deb11u5) ...
#25 169.7 Setting up libsasl2-2:amd64 (2.1.27+dfsg-2.1+deb11u1) ...
#25 169.7 Setting up libubsan1:amd64 (10.2.1-6) ...
#25 169.8 Setting up libmd0:amd64 (1.0.3-3) ...
#25 169.8 Setting up libnsl-dev:amd64 (1.3.0-2) ...
#25 169.9 Setting up sensible-utils (0.0.14) ...
#25 169.9 Setting up libcrypt-dev:amd64 (1:4.4.18-4) ...
#25 170.0 Setting up libmpdec3:amd64 (2.5.1-1) ...
#25 170.0 Setting up gpgconf (2.2.27-2+deb11u3) ...
#25 170.0 Setting up libgeoip1:amd64 (1.6.12-7) ...
#25 170.1 Setting up libssh2-1:amd64 (1.9.0-2+deb11u1) ...
#25 170.1 Setting up libtiff5:amd64 (4.2.0-1+deb11u8) ...
#25 170.2 Setting up libjs-jquery (3.5.1+dfsg+~3.5.5-7) ...
#25 170.2 Setting up libbinutils:amd64 (2.35.2-2) ...
#25 170.3 Setting up vim-runtime (2:8.2.2434-3+deb11u3) ...
#25 170.4 Setting up geoip-database (20191224-3) ...
#25 170.4 Setting up libisl23:amd64 (0.23-1) ...
#25 170.5 Setting up libc-dev-bin (2.31-13+deb11u14) ...
#25 170.5 Setting up libbsd0:amd64 (0.11.3-1+deb11u1) ...
#25 170.6 Setting up libelf1:amd64 (0.183-1) ...
#25 170.6 Setting up libpam-cap:amd64 (1:2.44-1+deb11u1) ...
#25 170.8 Setting up publicsuffix (20220811.1734-0+deb11u1) ...
#25 170.9 Setting up libxml2:amd64 (2.9.10+dfsg-6.7+deb11u10) ...
#25 170.9 Setting up libcc1-0:amd64 (10.2.1-6) ...
#25 171.0 Setting up liblocale-gettext-perl (1.07-4+b1) ...
#25 171.0 Setting up gpg (2.2.27-2+deb11u3) ...
#25 171.0 Setting up liblsan0:amd64 (10.2.1-6) ...
#25 171.1 Setting up cpp-10 (10.2.1-6) ...
#25 171.1 Setting up libitm1:amd64 (10.2.1-6) ...
#25 171.2 Setting up libpython3.9-stdlib:amd64 (3.9.2-1+deb11u7) ...
#25 171.2 Setting up libpython3-stdlib:amd64 (3.9.2-3) ...
#25 171.3 Setting up libjs-underscore (1.9.1~dfsg-3) ...
#25 171.3 Setting up gnupg-utils (2.2.27-2+deb11u3) ...
#25 171.3 Setting up libtsan0:amd64 (10.2.1-6) ...
#25 171.4 Setting up libctf0:amd64 (2.35.2-2) ...
#25 171.4 Setting up pinentry-curses (1.1.0-4) ...
#25 171.5 Setting up libnginx-mod-mail (1.18.0-6.1+deb11u7) ...
#25 171.6 Setting up manpages-dev (5.10-1) ...
#25 171.6 Setting up libxdmcp6:amd64 (1:1.1.2-3) ...
#25 171.7 Setting up libxcb1:amd64 (1.14-3) ...
#25 171.7 Setting up gettext (0.21-4) ...
#25 171.7 Setting up vim (2:8.2.2434-3+deb11u3) ...
#25 171.8 update-alternatives: using /usr/bin/vim.basic to provide /usr/bin/vim (vim) in auto mode
#25 171.8 update-alternatives: using /usr/bin/vim.basic to provide /usr/bin/vimdiff (vimdiff) in auto mode
#25 171.8 update-alternatives: using /usr/bin/vim.basic to provide /usr/bin/rvim (rvim) in auto mode
#25 171.8 update-alternatives: using /usr/bin/vim.basic to provide /usr/bin/rview (rview) in auto mode
#25 171.8 update-alternatives: using /usr/bin/vim.basic to provide /usr/bin/vi (vi) in auto mode
#25 171.8 update-alternatives: warning: skip creation of /usr/share/man/da/man1/vi.1.gz because associated file /usr/share/man/da/man1/vim.1.gz (of link group vi) doesn't exist
#25 171.8 update-alternatives: warning: skip creation of /usr/share/man/de/man1/vi.1.gz because associated file /usr/share/man/de/man1/vim.1.gz (of link group vi) doesn't exist
#25 171.8 update-alternatives: warning: skip creation of /usr/share/man/fr/man1/vi.1.gz because associated file /usr/share/man/fr/man1/vim.1.gz (of link group vi) doesn't exist
#25 171.8 update-alternatives: warning: skip creation of /usr/share/man/it/man1/vi.1.gz because associated file /usr/share/man/it/man1/vim.1.gz (of link group vi) doesn't exist
#25 171.8 update-alternatives: warning: skip creation of /usr/share/man/ja/man1/vi.1.gz because associated file /usr/share/man/ja/man1/vim.1.gz (of link group vi) doesn't exist
#25 171.8 update-alternatives: warning: skip creation of /usr/share/man/pl/man1/vi.1.gz because associated file /usr/share/man/pl/man1/vim.1.gz (of link group vi) doesn't exist
#25 171.8 update-alternatives: warning: skip creation of /usr/share/man/ru/man1/vi.1.gz because associated file /usr/share/man/ru/man1/vim.1.gz (of link group vi) doesn't exist
#25 171.8 update-alternatives: warning: skip creation of /usr/share/man/man1/vi.1.gz because associated file /usr/share/man/man1/vim.1.gz (of link group vi) doesn't exist
#25 171.8 update-alternatives: using /usr/bin/vim.basic to provide /usr/bin/view (view) in auto mode
#25 171.8 update-alternatives: warning: skip creation of /usr/share/man/da/man1/view.1.gz because associated file /usr/share/man/da/man1/vim.1.gz (of link group view) doesn't exist
#25 171.8 update-alternatives: warning: skip creation of /usr/share/man/de/man1/view.1.gz because associated file /usr/share/man/de/man1/vim.1.gz (of link group view) doesn't exist
#25 171.8 update-alternatives: warning: skip creation of /usr/share/man/fr/man1/view.1.gz because associated file /usr/share/man/fr/man1/vim.1.gz (of link group view) doesn't exist
#25 171.8 update-alternatives: warning: skip creation of /usr/share/man/it/man1/view.1.gz because associated file /usr/share/man/it/man1/vim.1.gz (of link group view) doesn't exist
#25 171.8 update-alternatives: warning: skip creation of /usr/share/man/ja/man1/view.1.gz because associated file /usr/share/man/ja/man1/vim.1.gz (of link group view) doesn't exist
#25 171.8 update-alternatives: warning: skip creation of /usr/share/man/pl/man1/view.1.gz because associated file /usr/share/man/pl/man1/vim.1.gz (of link group view) doesn't exist
#25 171.8 update-alternatives: warning: skip creation of /usr/share/man/ru/man1/view.1.gz because associated file /usr/share/man/ru/man1/vim.1.gz (of link group view) doesn't exist
#25 171.8 update-alternatives: warning: skip creation of /usr/share/man/man1/view.1.gz because associated file /usr/share/man/man1/vim.1.gz (of link group view) doesn't exist
#25 171.8 update-alternatives: using /usr/bin/vim.basic to provide /usr/bin/ex (ex) in auto mode
#25 171.8 update-alternatives: warning: skip creation of /usr/share/man/da/man1/ex.1.gz because associated file /usr/share/man/da/man1/vim.1.gz (of link group ex) doesn't exist
#25 171.8 update-alternatives: warning: skip creation of /usr/share/man/de/man1/ex.1.gz because associated file /usr/share/man/de/man1/vim.1.gz (of link group ex) doesn't exist
#25 171.8 update-alternatives: warning: skip creation of /usr/share/man/fr/man1/ex.1.gz because associated file /usr/share/man/fr/man1/vim.1.gz (of link group ex) doesn't exist
#25 171.8 update-alternatives: warning: skip creation of /usr/share/man/it/man1/ex.1.gz because associated file /usr/share/man/it/man1/vim.1.gz (of link group ex) doesn't exist
#25 171.8 update-alternatives: warning: skip creation of /usr/share/man/ja/man1/ex.1.gz because associated file /usr/share/man/ja/man1/vim.1.gz (of link group ex) doesn't exist
#25 171.8 update-alternatives: warning: skip creation of /usr/share/man/pl/man1/ex.1.gz because associated file /usr/share/man/pl/man1/vim.1.gz (of link group ex) doesn't exist
#25 171.8 update-alternatives: warning: skip creation of /usr/share/man/ru/man1/ex.1.gz because associated file /usr/share/man/ru/man1/vim.1.gz (of link group ex) doesn't exist
#25 171.8 update-alternatives: warning: skip creation of /usr/share/man/man1/ex.1.gz because associated file /usr/share/man/man1/vim.1.gz (of link group ex) doesn't exist
#25 171.8 update-alternatives: using /usr/bin/vim.basic to provide /usr/bin/editor (editor) in auto mode
#25 171.8 update-alternatives: warning: skip creation of /usr/share/man/da/man1/editor.1.gz because associated file /usr/share/man/da/man1/vim.1.gz (of link group editor) doesn't exist
#25 171.8 update-alternatives: warning: skip creation of /usr/share/man/de/man1/editor.1.gz because associated file /usr/share/man/de/man1/vim.1.gz (of link group editor) doesn't exist
#25 171.8 update-alternatives: warning: skip creation of /usr/share/man/fr/man1/editor.1.gz because associated file /usr/share/man/fr/man1/vim.1.gz (of link group editor) doesn't exist
#25 171.8 update-alternatives: warning: skip creation of /usr/share/man/it/man1/editor.1.gz because associated file /usr/share/man/it/man1/vim.1.gz (of link group editor) doesn't exist
#25 171.8 update-alternatives: warning: skip creation of /usr/share/man/ja/man1/editor.1.gz because associated file /usr/share/man/ja/man1/vim.1.gz (of link group editor) doesn't exist
#25 171.8 update-alternatives: warning: skip creation of /usr/share/man/pl/man1/editor.1.gz because associated file /usr/share/man/pl/man1/vim.1.gz (of link group editor) doesn't exist
#25 171.8 update-alternatives: warning: skip creation of /usr/share/man/ru/man1/editor.1.gz because associated file /usr/share/man/ru/man1/vim.1.gz (of link group editor) doesn't exist
#25 171.8 update-alternatives: warning: skip creation of /usr/share/man/man1/editor.1.gz because associated file /usr/share/man/man1/vim.1.gz (of link group editor) doesn't exist
#25 171.9 Setting up gpg-agent (2.2.27-2+deb11u3) ...
#25 172.2 Setting up libgcc-10-dev:amd64 (10.2.1-6) ...
#25 172.3 Setting up gpgsm (2.2.27-2+deb11u3) ...
#25 172.3 Setting up libnginx-mod-stream (1.18.0-6.1+deb11u7) ...
#25 172.4 Setting up libldap-2.4-2:amd64 (2.4.57+dfsg-3+deb11u1) ...
#25 172.4 Setting up libnginx-mod-stream-geoip (1.18.0-6.1+deb11u7) ...
#25 172.5 Setting up dirmngr (2.2.27-2+deb11u3) ...
#25 172.6 Setting up perl (5.32.1-4+deb11u5) ...
#25 172.7 Setting up libpython3.9:amd64 (3.9.2-1+deb11u7) ...
#25 172.7 Setting up libnginx-mod-http-geoip (1.18.0-6.1+deb11u7) ...
#25 172.8 Setting up libfreetype6:amd64 (2.10.4+dfsg-1+deb11u2) ...
#25 172.8 Setting up ucf (3.0043+deb11u2) ...
#25 173.1 Setting up libjs-sphinxdoc (3.4.3-2) ...
#25 173.2 Setting up libdpkg-perl (1.20.13) ...
#25 173.2 Setting up gpg-wks-server (2.2.27-2+deb11u3) ...
#25 173.2 Setting up cpp (4:10.2.1-1) ...
#25 173.3 Setting up libxslt1.1:amd64 (1.1.34-4+deb11u3) ...
#25 173.3 Setting up libcurl4:amd64 (7.74.0-1.3+deb11u16) ...
#25 173.4 Setting up libc6-dev:amd64 (2.31-13+deb11u14) ...
#25 173.4 Setting up libx11-6:amd64 (2:1.7.2-1+deb11u2) ...
#25 173.5 Setting up curl (7.74.0-1.3+deb11u16) ...
#25 173.5 Setting up libbpf0:amd64 (1:0.3-2+deb11u1) ...
#25 173.6 Setting up python3.9 (3.9.2-1+deb11u7) ...
#25 174.0 Setting up binutils-x86-64-linux-gnu (2.35.2-2) ...
#25 174.1 Setting up libstdc++-10-dev:amd64 (10.2.1-6) ...
#25 174.1 Setting up libxpm4:amd64 (1:3.5.12-1.1+deb11u1) ...
#25 174.1 Setting up gpg-wks-client (2.2.27-2+deb11u3) ...
#25 174.2 Setting up libfile-fcntllock-perl (0.22-3+b7) ...
#25 174.2 Setting up libalgorithm-diff-perl (1.201-1) ...
#25 174.3 Setting up fontconfig-config (2.13.1-4.2) ...
#25 174.5 Setting up iproute2 (5.10.0-4) ...
#25 174.8 Setting up python3 (3.9.2-3) ...
#25 174.9 Setting up binutils (2.35.2-2) ...
#25 175.0 Setting up dpkg-dev (1.20.13) ...
#25 175.0 Setting up libnginx-mod-http-xslt-filter (1.18.0-6.1+deb11u7) ...
#25 175.1 Setting up libexpat1-dev:amd64 (2.2.10-2+deb11u7) ...
#25 175.1 Setting up gcc-10 (10.2.1-6) ...
#25 175.2 Setting up zlib1g-dev:amd64 (1:1.2.11.dfsg-2+deb11u2) ...
#25 175.2 Setting up gnupg (2.2.27-2+deb11u3) ...
#25 175.3 Setting up libfontconfig1:amd64 (2.13.1-4.2) ...
#25 175.3 Setting up python3-lib2to3 (3.9.2-1) ...
#25 175.4 Setting up libalgorithm-diff-xs-perl (0.04-6+b1) ...
#25 175.4 Setting up libalgorithm-merge-perl (0.08-3) ...
#25 175.5 Setting up python3-pkg-resources (52.0.0-4+deb11u2) ...
#25 175.6 Setting up python3-distutils (3.9.2-1) ...
#25 175.8 Setting up g++-10 (10.2.1-6) ...
#25 175.8 Setting up python3-setuptools (52.0.0-4+deb11u2) ...
#25 176.0 Setting up libpython3.9-dev:amd64 (3.9.2-1+deb11u7) ...
#25 176.1 Setting up gcc (4:10.2.1-1) ...
#25 176.1 Setting up libgd3:amd64 (2.3.0-2+deb11u1) ...
#25 176.2 Setting up g++ (4:10.2.1-1) ...
#25 176.2 update-alternatives: using /usr/bin/g++ to provide /usr/bin/c++ (c++) in auto mode
#25 176.2 Setting up python3.9-dev (3.9.2-1+deb11u7) ...
#25 176.3 Setting up build-essential (12.9) ...
#25 176.3 Setting up libc-devtools (2.31-13+deb11u14) ...
#25 176.4 Setting up libpython3-dev:amd64 (3.9.2-3) ...
#25 176.4 Setting up libnginx-mod-http-image-filter (1.18.0-6.1+deb11u7) ...
#25 176.5 Setting up python3-dev (3.9.2-3) ...
#25 176.6 Setting up nginx-core (1.18.0-6.1+deb11u7) ...
#25 176.6 invoke-rc.d: could not determine current runlevel
#25 176.6 invoke-rc.d: policy-rc.d denied execution of start.
#25 176.6 Setting up nginx (1.18.0-6.1+deb11u7) ...
#25 176.7 Processing triggers for libc-bin (2.31-13+deb11u13) ...
#25 176.8 + python3 -m ensurepip
#25 178.2 Looking in links: /tmp/tmpcsaz2qvz
#25 178.2 Requirement already satisfied: setuptools in /usr/local/lib/python3.11/site-packages (65.5.1)
#25 178.2 Requirement already satisfied: pip in /usr/local/lib/python3.11/site-packages (24.0)
#25 178.2 WARNING: Running pip as the 'root' user can result in broken permissions and conflicting behaviour with the system package manager. It is recommended to use a virtual environment instead: https://pip.pypa.io/warnings/venv
#25 178.3 + python3 -m pip install --upgrade pip
#25 179.1 Requirement already satisfied: pip in /usr/local/lib/python3.11/site-packages (24.0)
#25 179.7 Collecting pip
#25 180.0   Downloading pip-26.1.2-py3-none-any.whl.metadata (4.6 kB)
#25 180.1 Downloading pip-26.1.2-py3-none-any.whl (1.8 MB)
#25 182.2    ━━━━━━━━━━━━━━━━━━━━━━━━━━━━━━━━━━━━━━━━ 1.8/1.8 MB 855.3 kB/s eta 0:00:00
#25 182.2 Installing collected packages: pip
#25 182.2   Attempting uninstall: pip
#25 182.2     Found existing installation: pip 24.0
#25 182.3     Uninstalling pip-24.0:
#25 182.4       Successfully uninstalled pip-24.0
#25 183.0 Successfully installed pip-26.1.2
#25 183.0 WARNING: Running pip as the 'root' user can result in broken permissions and conflicting behaviour with the system package manager. It is recommended to use a virtual environment instead: https://pip.pypa.io/warnings/venv
#25 183.1 + python3 -m pip install -r /opt/clearml/apiserver/requirements.txt
#25 183.6 Collecting attrs<23,>=22.1.0 (from -r /opt/clearml/apiserver/requirements.txt (line 1))
#25 183.8   Downloading attrs-22.2.0-py3-none-any.whl.metadata (13 kB)
#25 184.0 Collecting azure-storage-blob>=12.13.1 (from -r /opt/clearml/apiserver/requirements.txt (line 2))
#25 184.1   Downloading azure_storage_blob-12.30.0-py3-none-any.whl.metadata (26 kB)
#25 184.4 Collecting bcrypt>=3.1.4 (from -r /opt/clearml/apiserver/requirements.txt (line 3))
#25 184.4   Downloading bcrypt-5.0.0-cp39-abi3-manylinux_2_28_x86_64.whl.metadata (10 kB)
#25 185.0 Collecting boltons>=19.1.0 (from -r /opt/clearml/apiserver/requirements.txt (line 4))
#25 185.1   Downloading boltons-26.0.0-py3-none-any.whl.metadata (7.0 kB)
#25 185.8 Collecting boto3>=1.26 (from -r /opt/clearml/apiserver/requirements.txt (line 5))
#25 185.9   Downloading boto3-1.43.36-py3-none-any.whl.metadata (6.6 kB)
#25 186.6 Collecting boto3-stubs>=1.26 (from boto3-stubs[s3]>=1.26->-r /opt/clearml/apiserver/requirements.txt (line 6))
#25 186.7   Downloading boto3_stubs-1.43.36-py3-none-any.whl.metadata (157 kB)
#25 187.3 Collecting clearml>=1.10.3 (from -r /opt/clearml/apiserver/requirements.txt (line 7))
#25 187.4   Downloading clearml-2.1.9-py2.py3-none-any.whl.metadata (17 kB)
#25 187.6 Collecting clearml-agent>=1.5.2 (from -r /opt/clearml/apiserver/requirements.txt (line 8))
#25 187.6   Downloading clearml_agent-3.0.3-py3-none-any.whl.metadata (21 kB)
#25 187.7 Collecting dpath<2.0,>=1.4.2 (from -r /opt/clearml/apiserver/requirements.txt (line 9))
#25 187.8   Downloading dpath-1.5.0.tar.gz (17 kB)
#25 187.8   Installing build dependencies: started
#25 189.6   Installing build dependencies: finished with status 'done'
#25 189.6   Getting requirements to build wheel: started
#25 189.8   Getting requirements to build wheel: finished with status 'done'
#25 189.8   Preparing metadata (pyproject.toml): started
#25 190.0   Preparing metadata (pyproject.toml): finished with status 'done'
#25 190.1 Collecting elasticsearch==8.17.0 (from -r /opt/clearml/apiserver/requirements.txt (line 10))
#25 190.3   Downloading elasticsearch-8.17.0-py3-none-any.whl.metadata (8.8 kB)
#25 190.4 Collecting fastjsonschema>=2.8 (from -r /opt/clearml/apiserver/requirements.txt (line 11))
#25 190.5   Downloading fastjsonschema-2.21.2-py3-none-any.whl.metadata (2.3 kB)
#25 190.6 Collecting flask-compress>=1.23 (from -r /opt/clearml/apiserver/requirements.txt (line 12))
#25 190.7   Downloading flask_compress-1.24-py3-none-any.whl.metadata (11 kB)
#25 190.8 Collecting flask-cors>=3.0.5 (from -r /opt/clearml/apiserver/requirements.txt (line 13))
#25 190.9   Downloading flask_cors-6.0.5-py3-none-any.whl.metadata (5.4 kB)
#25 191.0 Collecting flask>=2.3.3 (from -r /opt/clearml/apiserver/requirements.txt (line 14))
#25 191.1   Downloading flask-3.1.3-py3-none-any.whl.metadata (3.2 kB)
#25 191.2 Collecting furl>=2.0.0 (from -r /opt/clearml/apiserver/requirements.txt (line 15))
#25 191.3   Downloading furl-2.1.4-py2.py3-none-any.whl.metadata (25 kB)
#25 191.4 Collecting google-cloud-storage>=2.8.0 (from -r /opt/clearml/apiserver/requirements.txt (line 16))
#25 191.5   Downloading google_cloud_storage-3.12.0-py3-none-any.whl.metadata (15 kB)
#25 191.6 Collecting gunicorn>=23.0.0 (from -r /opt/clearml/apiserver/requirements.txt (line 17))
#25 191.7   Downloading gunicorn-26.0.0-py3-none-any.whl.metadata (5.4 kB)
#25 191.8 Collecting humanfriendly>=4.17 (from -r /opt/clearml/apiserver/requirements.txt (line 18))
#25 191.9   Downloading humanfriendly-10.0-py2.py3-none-any.whl.metadata (9.2 kB)
#25 192.1 Collecting jinja2 (from -r /opt/clearml/apiserver/requirements.txt (line 19))
#25 192.1   Downloading jinja2-3.1.6-py3-none-any.whl.metadata (2.9 kB)
#25 192.4 Collecting jsonmodels>=2.3 (from -r /opt/clearml/apiserver/requirements.txt (line 20))
#25 192.6   Downloading jsonmodels-2.8.0-py3-none-any.whl.metadata (15 kB)
#25 192.7 Collecting jsonschema>=2.6.0 (from -r /opt/clearml/apiserver/requirements.txt (line 21))
#25 192.8   Downloading jsonschema-4.26.0-py3-none-any.whl.metadata (7.6 kB)
#25 193.0 Collecting luqum>=0.10.0 (from -r /opt/clearml/apiserver/requirements.txt (line 22))
#25 193.1   Downloading luqum-1.0.0-py3-none-any.whl.metadata (13 kB)
#25 193.3 Collecting mongoengine==0.29.1 (from -r /opt/clearml/apiserver/requirements.txt (line 23))
#25 193.4   Downloading mongoengine-0.29.1-py3-none-any.whl.metadata (6.7 kB)
#25 193.5 Collecting nested_dict>=1.61 (from -r /opt/clearml/apiserver/requirements.txt (line 24))
#25 193.6   Downloading nested_dict-1.61.tar.gz (12 kB)
#25 193.6   Installing build dependencies: started
#25 194.2   Installing build dependencies: finished with status 'done'
#25 194.2   Getting requirements to build wheel: started
#25 194.5   Getting requirements to build wheel: finished with status 'done'
#25 194.5   Preparing metadata (pyproject.toml): started
#25 194.6   Preparing metadata (pyproject.toml): finished with status 'done'
#25 194.8 Collecting packaging==20.3 (from -r /opt/clearml/apiserver/requirements.txt (line 25))
#25 195.0   Downloading packaging-20.3-py2.py3-none-any.whl.metadata (10 kB)
#25 195.6 Collecting pillow>=10.3.0 (from -r /opt/clearml/apiserver/requirements.txt (line 26))
#25 195.7   Downloading pillow-12.2.0-cp311-cp311-manylinux_2_27_x86_64.manylinux_2_28_x86_64.whl.metadata (8.8 kB)
#25 196.1 Collecting psutil>=5.6.5 (from -r /opt/clearml/apiserver/requirements.txt (line 27))
#25 196.2   Downloading psutil-7.2.2-cp36-abi3-manylinux2010_x86_64.manylinux_2_12_x86_64.manylinux_2_28_x86_64.whl.metadata (22 kB)
#25 196.3 Collecting pyhocon>=0.3.35r (from -r /opt/clearml/apiserver/requirements.txt (line 28))
#25 196.4   Downloading pyhocon-0.3.63.tar.gz (307 kB)
#25 196.6   Installing build dependencies: started
#25 197.2   Installing build dependencies: finished with status 'done'
#25 197.2   Getting requirements to build wheel: started
#25 197.5   Getting requirements to build wheel: finished with status 'done'
#25 197.5   Preparing metadata (pyproject.toml): started
#25 197.6   Preparing metadata (pyproject.toml): finished with status 'done'
#25 197.7 Collecting pyjwt>=2.4.0 (from -r /opt/clearml/apiserver/requirements.txt (line 29))
#25 197.8   Downloading pyjwt-2.13.0-py3-none-any.whl.metadata (3.4 kB)
#25 199.0 Collecting pymongo==4.15 (from -r /opt/clearml/apiserver/requirements.txt (line 30))
#25 199.1   Downloading pymongo-4.15.0-cp311-cp311-manylinux_2_17_x86_64.manylinux2014_x86_64.whl.metadata (22 kB)
#25 199.5 Collecting python-rapidjson>=0.6.3 (from -r /opt/clearml/apiserver/requirements.txt (line 31))
#25 199.6   Downloading python_rapidjson-1.23-cp311-cp311-manylinux_2_24_x86_64.manylinux_2_28_x86_64.whl.metadata (24 kB)
#25 199.7 Collecting redis==7.0.1 (from -r /opt/clearml/apiserver/requirements.txt (line 32))
#25 199.8   Downloading redis-7.0.1-py3-none-any.whl.metadata (12 kB)
#25 200.0 Collecting requests>=2.13.0 (from -r /opt/clearml/apiserver/requirements.txt (line 33))
#25 200.0   Downloading requests-2.34.2-py3-none-any.whl.metadata (4.8 kB)
#25 200.1 Collecting semantic_version<3,>=2.8.3 (from -r /opt/clearml/apiserver/requirements.txt (line 34))
#25 200.2   Downloading semantic_version-2.10.0-py2.py3-none-any.whl.metadata (9.7 kB)
#25 200.4 Collecting setuptools>=78.1.1 (from -r /opt/clearml/apiserver/requirements.txt (line 35))
#25 200.4   Using cached setuptools-82.0.1-py3-none-any.whl.metadata (6.5 kB)
#25 200.5 Collecting six (from -r /opt/clearml/apiserver/requirements.txt (line 36))
#25 200.5   Downloading six-1.17.0-py2.py3-none-any.whl.metadata (1.7 kB)
#25 200.7 Collecting validators>=0.12.4 (from -r /opt/clearml/apiserver/requirements.txt (line 37))
#25 200.7   Downloading validators-0.35.0-py3-none-any.whl.metadata (3.9 kB)
#25 200.9 Collecting urllib3>=2.6.3 (from -r /opt/clearml/apiserver/requirements.txt (line 38))
#25 200.9   Downloading urllib3-2.7.0-py3-none-any.whl.metadata (6.9 kB)
#25 201.1 Collecting werkzeug>=3.0.1 (from -r /opt/clearml/apiserver/requirements.txt (line 39))
#25 201.1   Downloading werkzeug-3.1.8-py3-none-any.whl.metadata (4.0 kB)
#25 201.4 Collecting winfcntl>=1.1.9 (from -r /opt/clearml/apiserver/requirements.txt (line 40))
#25 201.5   Downloading winfcntl-1.1.9-py3-none-any.whl.metadata (1.5 kB)
#25 201.6 Collecting elastic-transport<9,>=8.15.1 (from elasticsearch==8.17.0->-r /opt/clearml/apiserver/requirements.txt (line 10))
#25 201.7   Downloading elastic_transport-8.17.1-py3-none-any.whl.metadata (3.8 kB)
#25 201.8 Collecting dnspython<3.0.0,>=1.16.0 (from pymongo==4.15->-r /opt/clearml/apiserver/requirements.txt (line 30))
#25 201.8   Downloading dnspython-2.8.0-py3-none-any.whl.metadata (5.7 kB)
#25 202.0 Collecting pyparsing>=2.0.2 (from packaging==20.3->-r /opt/clearml/apiserver/requirements.txt (line 25))
#25 202.1   Downloading pyparsing-3.3.2-py3-none-any.whl.metadata (5.8 kB)
#25 202.2 Collecting certifi (from elastic-transport<9,>=8.15.1->elasticsearch==8.17.0->-r /opt/clearml/apiserver/requirements.txt (line 10))
#25 202.2   Downloading certifi-2026.6.17-py3-none-any.whl.metadata (2.5 kB)
#25 202.4 Collecting azure-core>=1.37.0 (from azure-storage-blob>=12.13.1->-r /opt/clearml/apiserver/requirements.txt (line 2))
#25 202.4   Downloading azure_core-1.41.0-py3-none-any.whl.metadata (49 kB)
#25 203.1 Collecting cryptography>=2.1.4 (from azure-storage-blob>=12.13.1->-r /opt/clearml/apiserver/requirements.txt (line 2))
#25 203.2   Downloading cryptography-49.0.0-cp311-abi3-manylinux_2_28_x86_64.whl.metadata (4.3 kB)
#25 203.3 Collecting typing-extensions>=4.6.0 (from azure-storage-blob>=12.13.1->-r /opt/clearml/apiserver/requirements.txt (line 2))
#25 203.4   Downloading typing_extensions-4.15.0-py3-none-any.whl.metadata (3.3 kB)
#25 203.5 Collecting isodate>=0.6.1 (from azure-storage-blob>=12.13.1->-r /opt/clearml/apiserver/requirements.txt (line 2))
#25 203.6   Downloading isodate-0.7.2-py3-none-any.whl.metadata (11 kB)
#25 204.4 Collecting botocore<1.44.0,>=1.43.36 (from boto3>=1.26->-r /opt/clearml/apiserver/requirements.txt (line 5))
#25 204.5   Downloading botocore-1.43.36-py3-none-any.whl.metadata (5.6 kB)
#25 204.6 Collecting jmespath<2.0.0,>=0.7.1 (from boto3>=1.26->-r /opt/clearml/apiserver/requirements.txt (line 5))
#25 204.7   Downloading jmespath-1.1.0-py3-none-any.whl.metadata (7.6 kB)
#25 204.8 Collecting s3transfer<0.20.0,>=0.19.0 (from boto3>=1.26->-r /opt/clearml/apiserver/requirements.txt (line 5))
#25 204.9   Downloading s3transfer-0.19.0-py3-none-any.whl.metadata (1.7 kB)
#25 205.0 Collecting python-dateutil<3.0.0,>=2.1 (from botocore<1.44.0,>=1.43.36->boto3>=1.26->-r /opt/clearml/apiserver/requirements.txt (line 5))
#25 205.0   Downloading python_dateutil-2.9.0.post0-py2.py3-none-any.whl.metadata (8.4 kB)
#25 205.5 Collecting botocore-stubs (from boto3-stubs>=1.26->boto3-stubs[s3]>=1.26->-r /opt/clearml/apiserver/requirements.txt (line 6))
#25 205.6   Downloading botocore_stubs-1.43.14-py3-none-any.whl.metadata (3.4 kB)
#25 205.7 Collecting types-s3transfer (from boto3-stubs>=1.26->boto3-stubs[s3]>=1.26->-r /opt/clearml/apiserver/requirements.txt (line 6))
#25 205.8   Downloading types_s3transfer-0.16.0-py3-none-any.whl.metadata (3.7 kB)
#25 205.9 Collecting pathlib2>=2.3.0 (from clearml>=1.10.3->-r /opt/clearml/apiserver/requirements.txt (line 7))
#25 206.0   Downloading pathlib2-2.3.7.post1-py2.py3-none-any.whl.metadata (3.5 kB)
#25 206.2 Collecting PyYAML>=3.12 (from clearml>=1.10.3->-r /opt/clearml/apiserver/requirements.txt (line 7))
#25 206.3   Downloading pyyaml-6.0.3-cp311-cp311-manylinux2014_x86_64.manylinux_2_17_x86_64.manylinux_2_28_x86_64.whl.metadata (2.4 kB)
#25 206.4 Collecting referencing<0.40 (from clearml>=1.10.3->-r /opt/clearml/apiserver/requirements.txt (line 7))
#25 206.5   Downloading referencing-0.37.0-py3-none-any.whl.metadata (2.8 kB)
#25 207.1 Collecting numpy>=1.26.4 (from clearml>=1.10.3->-r /opt/clearml/apiserver/requirements.txt (line 7))
#25 207.2   Downloading numpy-2.4.6-cp311-cp311-manylinux_2_27_x86_64.manylinux_2_28_x86_64.whl.metadata (6.6 kB)
#25 207.9 Collecting rpds-py>=0.7.0 (from referencing<0.40->clearml>=1.10.3->-r /opt/clearml/apiserver/requirements.txt (line 7))
#25 207.9   Downloading rpds_py-2026.5.1-cp311-cp311-manylinux_2_17_x86_64.manylinux2014_x86_64.whl.metadata (4.1 kB)
#25 208.1 Collecting virtualenv<21,>=16 (from clearml-agent>=1.5.2->-r /opt/clearml/apiserver/requirements.txt (line 8))
#25 208.2   Downloading virtualenv-20.39.1-py3-none-any.whl.metadata (3.5 kB)
#25 208.2 Collecting requests>=2.13.0 (from -r /opt/clearml/apiserver/requirements.txt (line 33))
#25 208.3   Downloading requests-2.32.5-py3-none-any.whl.metadata (4.9 kB)
#25 208.3 Collecting setuptools>=78.1.1 (from -r /opt/clearml/apiserver/requirements.txt (line 35))
#25 208.3   Downloading setuptools-81.0.0-py3-none-any.whl.metadata (6.6 kB)
#25 208.7 Collecting charset_normalizer<4,>=2 (from requests>=2.13.0->-r /opt/clearml/apiserver/requirements.txt (line 33))
#25 208.8   Downloading charset_normalizer-3.4.7-cp311-cp311-manylinux2014_x86_64.manylinux_2_17_x86_64.manylinux_2_28_x86_64.whl.metadata (40 kB)
#25 208.9 Collecting idna<4,>=2.5 (from requests>=2.13.0->-r /opt/clearml/apiserver/requirements.txt (line 33))
#25 209.0   Downloading idna-3.18-py3-none-any.whl.metadata (6.1 kB)
#25 209.1 Collecting distlib<1,>=0.3.7 (from virtualenv<21,>=16->clearml-agent>=1.5.2->-r /opt/clearml/apiserver/requirements.txt (line 8))
#25 209.2   Downloading distlib-0.4.3-py2.py3-none-any.whl.metadata (5.3 kB)
#25 209.3 Collecting filelock<4,>=3.24.2 (from virtualenv<21,>=16->clearml-agent>=1.5.2->-r /opt/clearml/apiserver/requirements.txt (line 8))
#25 209.3   Downloading filelock-3.29.4-py3-none-any.whl.metadata (2.0 kB)
#25 209.5 Collecting platformdirs<5,>=3.9.1 (from virtualenv<21,>=16->clearml-agent>=1.5.2->-r /opt/clearml/apiserver/requirements.txt (line 8))
#25 209.5   Downloading platformdirs-4.10.0-py3-none-any.whl.metadata (5.5 kB)
#25 209.7 Collecting brotli (from flask-compress>=1.23->-r /opt/clearml/apiserver/requirements.txt (line 12))
#25 209.7   Downloading brotli-1.2.0-cp311-cp311-manylinux2014_x86_64.manylinux_2_17_x86_64.whl.metadata (6.1 kB)
#25 210.0 Collecting backports.zstd (from flask-compress>=1.23->-r /opt/clearml/apiserver/requirements.txt (line 12))
#25 210.0   Downloading backports_zstd-1.6.0-cp311-cp311-manylinux2014_x86_64.manylinux_2_17_x86_64.manylinux_2_28_x86_64.whl.metadata (6.8 kB)
#25 210.2 Collecting blinker>=1.9.0 (from flask>=2.3.3->-r /opt/clearml/apiserver/requirements.txt (line 14))
#25 210.2   Downloading blinker-1.9.0-py3-none-any.whl.metadata (1.6 kB)
#25 210.4 Collecting click>=8.1.3 (from flask>=2.3.3->-r /opt/clearml/apiserver/requirements.txt (line 14))
#25 210.4   Downloading click-8.4.2-py3-none-any.whl.metadata (2.6 kB)
#25 210.6 Collecting itsdangerous>=2.2.0 (from flask>=2.3.3->-r /opt/clearml/apiserver/requirements.txt (line 14))
#25 210.6   Downloading itsdangerous-2.2.0-py3-none-any.whl.metadata (1.9 kB)
#25 210.8 Collecting markupsafe>=2.1.1 (from flask>=2.3.3->-r /opt/clearml/apiserver/requirements.txt (line 14))
#25 210.9   Downloading markupsafe-3.0.3-cp311-cp311-manylinux2014_x86_64.manylinux_2_17_x86_64.manylinux_2_28_x86_64.whl.metadata (2.7 kB)
#25 211.1 Collecting orderedmultidict>=1.0.1 (from furl>=2.0.0->-r /opt/clearml/apiserver/requirements.txt (line 15))
#25 211.2   Downloading orderedmultidict-1.0.2-py2.py3-none-any.whl.metadata (1.2 kB)
#25 211.3 Collecting google-auth<3.0.0,>=2.26.1 (from google-cloud-storage>=2.8.0->-r /opt/clearml/apiserver/requirements.txt (line 16))
#25 211.4   Downloading google_auth-2.55.1-py3-none-any.whl.metadata (5.1 kB)
#25 211.5 Collecting google-api-core<3.0.0,>=2.27.0 (from google-cloud-storage>=2.8.0->-r /opt/clearml/apiserver/requirements.txt (line 16))
#25 211.6   Downloading google_api_core-2.31.0-py3-none-any.whl.metadata (3.2 kB)
#25 211.7 Collecting google-cloud-core<3.0.0,>=2.4.2 (from google-cloud-storage>=2.8.0->-r /opt/clearml/apiserver/requirements.txt (line 16))
#25 211.8   Downloading google_cloud_core-2.6.0-py3-none-any.whl.metadata (2.8 kB)
#25 211.9 Collecting google-resumable-media<3.0.0,>=2.7.2 (from google-cloud-storage>=2.8.0->-r /opt/clearml/apiserver/requirements.txt (line 16))
#25 212.0   Downloading google_resumable_media-2.10.0-py3-none-any.whl.metadata (2.2 kB)
#25 212.2 Collecting google-crc32c<2.0.0,>=1.6.0 (from google-cloud-storage>=2.8.0->-r /opt/clearml/apiserver/requirements.txt (line 16))
#25 212.2   Downloading google_crc32c-1.8.0-cp311-cp311-manylinux1_x86_64.manylinux2014_x86_64.manylinux_2_17_x86_64.manylinux_2_5_x86_64.whl.metadata (1.7 kB)
#25 212.4 Collecting googleapis-common-protos<2.0.0,>=1.63.2 (from google-api-core<3.0.0,>=2.27.0->google-cloud-storage>=2.8.0->-r /opt/clearml/apiserver/requirements.txt (line 16))
#25 212.5   Downloading googleapis_common_protos-1.75.0-py3-none-any.whl.metadata (8.6 kB)
#25 212.9 Collecting protobuf<8.0.0,>=5.29.6 (from google-api-core<3.0.0,>=2.27.0->google-cloud-storage>=2.8.0->-r /opt/clearml/apiserver/requirements.txt (line 16))
#25 213.0   Downloading protobuf-7.35.1-cp310-abi3-manylinux2014_x86_64.whl.metadata (595 bytes)
#25 213.1 Collecting proto-plus<2.0.0,>=1.24.0 (from google-api-core<3.0.0,>=2.27.0->google-cloud-storage>=2.8.0->-r /opt/clearml/apiserver/requirements.txt (line 16))
#25 213.2   Downloading proto_plus-1.28.0-py3-none-any.whl.metadata (2.2 kB)
#25 213.2 INFO: pip is looking at multiple versions of google-api-core to determine which version is compatible with other requirements. This could take a while.
#25 213.2 Collecting google-api-core<3.0.0,>=2.27.0 (from google-cloud-storage>=2.8.0->-r /opt/clearml/apiserver/requirements.txt (line 16))
#25 213.3   Downloading google_api_core-2.30.3-py3-none-any.whl.metadata (3.1 kB)
#25 213.5 Collecting pyasn1-modules>=0.2.1 (from google-auth<3.0.0,>=2.26.1->google-cloud-storage>=2.8.0->-r /opt/clearml/apiserver/requirements.txt (line 16))
#25 213.6   Downloading pyasn1_modules-0.4.2-py3-none-any.whl.metadata (3.5 kB)
#25 213.9 Collecting jsonschema-specifications>=2023.03.6 (from jsonschema>=2.6.0->-r /opt/clearml/apiserver/requirements.txt (line 21))
#25 214.0   Downloading jsonschema_specifications-2025.9.1-py3-none-any.whl.metadata (2.9 kB)
#25 214.1 Collecting ply>=3.11 (from luqum>=0.10.0->-r /opt/clearml/apiserver/requirements.txt (line 22))
#25 214.2   Downloading ply-3.11-py2.py3-none-any.whl.metadata (844 bytes)
#25 214.6 Collecting mypy-boto3-s3<1.44.0,>=1.43.0 (from boto3-stubs[s3]>=1.26->-r /opt/clearml/apiserver/requirements.txt (line 6))
#25 214.6   Downloading mypy_boto3_s3-1.43.31-py3-none-any.whl.metadata (19 kB)
#25 215.1 Collecting cffi>=2.0.0 (from cryptography>=2.1.4->azure-storage-blob>=12.13.1->-r /opt/clearml/apiserver/requirements.txt (line 2))
#25 215.2   Downloading cffi-2.0.0-cp311-cp311-manylinux2014_x86_64.manylinux_2_17_x86_64.whl.metadata (2.6 kB)
#25 215.3 Collecting pycparser (from cffi>=2.0.0->cryptography>=2.1.4->azure-storage-blob>=12.13.1->-r /opt/clearml/apiserver/requirements.txt (line 2))
#25 215.4   Downloading pycparser-3.0-py3-none-any.whl.metadata (8.2 kB)
#25 215.6 Collecting pyasn1<0.7.0,>=0.6.1 (from pyasn1-modules>=0.2.1->google-auth<3.0.0,>=2.26.1->google-cloud-storage>=2.8.0->-r /opt/clearml/apiserver/requirements.txt (line 16))
#25 215.6   Downloading pyasn1-0.6.3-py3-none-any.whl.metadata (8.4 kB)
#25 215.8 Collecting types-awscrt (from botocore-stubs->boto3-stubs>=1.26->boto3-stubs[s3]>=1.26->-r /opt/clearml/apiserver/requirements.txt (line 6))
#25 215.8   Downloading types_awscrt-0.34.1-py3-none-any.whl.metadata (4.9 kB)
#25 215.9 Downloading elasticsearch-8.17.0-py3-none-any.whl (571 kB)
#25 216.3    ━━━━━━━━━━━━━━━━━━━━━━━━━━━━━━━━━━━━━━━━ 571.2/571.2 kB 1.6 MB/s  0:00:00
#25 216.4 Downloading mongoengine-0.29.1-py3-none-any.whl (112 kB)
#25 216.6 Downloading pymongo-4.15.0-cp311-cp311-manylinux_2_17_x86_64.manylinux2014_x86_64.whl (1.4 MB)
#25 217.4    ━━━━━━━━━━━━━━━━━━━━━━━━━━━━━━━━━━━━━━━━ 1.4/1.4 MB 1.8 MB/s  0:00:00
#25 217.5 Downloading packaging-20.3-py2.py3-none-any.whl (37 kB)
#25 217.6 Downloading redis-7.0.1-py3-none-any.whl (339 kB)
#25 217.9 Downloading attrs-22.2.0-py3-none-any.whl (60 kB)
#25 218.0 Downloading semantic_version-2.10.0-py2.py3-none-any.whl (15 kB)
#25 218.1 Downloading dnspython-2.8.0-py3-none-any.whl (331 kB)
#25 218.3 Downloading elastic_transport-8.17.1-py3-none-any.whl (64 kB)
#25 218.4 Downloading urllib3-2.7.0-py3-none-any.whl (131 kB)
#25 218.6 Downloading azure_storage_blob-12.30.0-py3-none-any.whl (435 kB)
#25 218.9 Downloading bcrypt-5.0.0-cp39-abi3-manylinux_2_28_x86_64.whl (278 kB)
#25 219.1 Downloading boltons-26.0.0-py3-none-any.whl (195 kB)
#25 219.3 Downloading boto3-1.43.36-py3-none-any.whl (140 kB)
#25 219.5 Downloading botocore-1.43.36-py3-none-any.whl (15.3 MB)
#25 230.6    ━━━━━━━━━━━━━━━━━━━━━━━━━━━━━━━━━━━━━━━━ 15.3/15.3 MB 1.4 MB/s  0:00:11
#25 230.7 Downloading jmespath-1.1.0-py3-none-any.whl (20 kB)
#25 231.0 Downloading python_dateutil-2.9.0.post0-py2.py3-none-any.whl (229 kB)
#25 231.3 Downloading s3transfer-0.19.0-py3-none-any.whl (90 kB)
#25 231.5 Downloading boto3_stubs-1.43.36-py3-none-any.whl (71 kB)
#25 231.6 Downloading clearml-2.1.9-py2.py3-none-any.whl (1.4 MB)
#25 233.0    ━━━━━━━━━━━━━━━━━━━━━━━━━━━━━━━━━━━━━━━━ 1.4/1.4 MB 1.0 MB/s  0:00:01
#25 233.1 Downloading pyjwt-2.13.0-py3-none-any.whl (31 kB)
#25 233.2 Downloading referencing-0.37.0-py3-none-any.whl (26 kB)
#25 233.3 Downloading clearml_agent-3.0.3-py3-none-any.whl (1.4 MB)
#25 234.5    ━━━━━━━━━━━━━━━━━━━━━━━━━━━━━━━━━━━━━━━━ 1.4/1.4 MB 1.1 MB/s  0:00:01
#25 234.6 Downloading psutil-7.2.2-cp36-abi3-manylinux2010_x86_64.manylinux_2_12_x86_64.manylinux_2_28_x86_64.whl (155 kB)
#25 234.9 Downloading requests-2.32.5-py3-none-any.whl (64 kB)
#25 235.0 Downloading setuptools-81.0.0-py3-none-any.whl (1.1 MB)
#25 236.0    ━━━━━━━━━━━━━━━━━━━━━━━━━━━━━━━━━━━━━━━━ 1.1/1.1 MB 1.1 MB/s  0:00:01
#25 236.1 Downloading charset_normalizer-3.4.7-cp311-cp311-manylinux2014_x86_64.manylinux_2_17_x86_64.manylinux_2_28_x86_64.whl (214 kB)
#25 236.4 Downloading idna-3.18-py3-none-any.whl (65 kB)
#25 236.6 Downloading virtualenv-20.39.1-py3-none-any.whl (5.8 MB)
#25 248.9    ━━━━━━━━━━━━━━━━━━━━━━━━━━━━━━━━━━━━━━━━ 5.8/5.8 MB 465.0 kB/s  0:00:12
#25 248.9 Downloading distlib-0.4.3-py2.py3-none-any.whl (470 kB)
#25 249.8 Downloading filelock-3.29.4-py3-none-any.whl (42 kB)
#25 249.9 Downloading platformdirs-4.10.0-py3-none-any.whl (22 kB)
#25 250.1 Downloading fastjsonschema-2.21.2-py3-none-any.whl (24 kB)
#25 250.2 Downloading flask_compress-1.24-py3-none-any.whl (11 kB)
#25 250.3 Downloading flask_cors-6.0.5-py3-none-any.whl (16 kB)
#25 250.4 Downloading flask-3.1.3-py3-none-any.whl (103 kB)
#25 250.6 Downloading furl-2.1.4-py2.py3-none-any.whl (27 kB)
#25 250.7 Downloading google_cloud_storage-3.12.0-py3-none-any.whl (340 kB)
#25 251.3 Downloading google_api_core-2.30.3-py3-none-any.whl (173 kB)
#25 251.6 Downloading google_auth-2.55.1-py3-none-any.whl (252 kB)
#25 252.1 Downloading google_cloud_core-2.6.0-py3-none-any.whl (29 kB)
#25 252.2 Downloading google_crc32c-1.8.0-cp311-cp311-manylinux1_x86_64.manylinux2014_x86_64.manylinux_2_17_x86_64.manylinux_2_5_x86_64.whl (33 kB)
#25 252.3 Downloading google_resumable_media-2.10.0-py3-none-any.whl (81 kB)
#25 252.5 Downloading googleapis_common_protos-1.75.0-py3-none-any.whl (300 kB)
#25 253.0 Downloading proto_plus-1.28.0-py3-none-any.whl (50 kB)
#25 253.1 Downloading protobuf-7.35.1-cp310-abi3-manylinux2014_x86_64.whl (327 kB)
#25 253.6 Downloading gunicorn-26.0.0-py3-none-any.whl (212 kB)
#25 254.0 Downloading humanfriendly-10.0-py2.py3-none-any.whl (86 kB)
#25 254.2 Downloading jinja2-3.1.6-py3-none-any.whl (134 kB)
#25 254.5 Downloading jsonmodels-2.8.0-py3-none-any.whl (17 kB)
#25 254.6 Downloading jsonschema-4.26.0-py3-none-any.whl (90 kB)
#25 254.8 Downloading luqum-1.0.0-py3-none-any.whl (55 kB)
#25 255.0 Downloading pillow-12.2.0-cp311-cp311-manylinux_2_27_x86_64.manylinux_2_28_x86_64.whl (7.1 MB)
#25 266.0    ━━━━━━━━━━━━━━━━━━━━━━━━━━━━━━━━━━━━━━━━ 7.1/7.1 MB 634.0 kB/s  0:00:11
#25 266.2 Downloading python_rapidjson-1.23-cp311-cp311-manylinux_2_24_x86_64.manylinux_2_28_x86_64.whl (1.7 MB)
#25 268.8    ━━━━━━━━━━━━━━━━━━━━━━━━━━━━━━━━━━━━━━━━ 1.7/1.7 MB 681.7 kB/s  0:00:02
#25 268.9 Downloading six-1.17.0-py2.py3-none-any.whl (11 kB)
#25 269.0 Downloading validators-0.35.0-py3-none-any.whl (44 kB)
#25 269.1 Downloading werkzeug-3.1.8-py3-none-any.whl (226 kB)
#25 269.5 Downloading winfcntl-1.1.9-py3-none-any.whl (4.9 kB)
#25 269.6 Downloading azure_core-1.41.0-py3-none-any.whl (220 kB)
#25 270.0 Downloading blinker-1.9.0-py3-none-any.whl (8.5 kB)
#25 270.1 Downloading mypy_boto3_s3-1.43.31-py3-none-any.whl (86 kB)
#25 270.3 Downloading certifi-2026.6.17-py3-none-any.whl (133 kB)
#25 270.5 Downloading click-8.4.2-py3-none-any.whl (119 kB)
#25 270.8 Downloading cryptography-49.0.0-cp311-abi3-manylinux_2_28_x86_64.whl (4.7 MB)
#25 276.8    ━━━━━━━━━━━━━━━━━━━━━━━━━━━━━━━━━━━━━━━━ 4.7/4.7 MB 795.6 kB/s  0:00:06
#25 276.9 Downloading cffi-2.0.0-cp311-cp311-manylinux2014_x86_64.manylinux_2_17_x86_64.whl (215 kB)
#25 277.2 Downloading isodate-0.7.2-py3-none-any.whl (22 kB)
#25 277.3 Downloading itsdangerous-2.2.0-py3-none-any.whl (16 kB)
#25 277.3 Downloading jsonschema_specifications-2025.9.1-py3-none-any.whl (18 kB)
#25 277.4 Downloading markupsafe-3.0.3-cp311-cp311-manylinux2014_x86_64.manylinux_2_17_x86_64.manylinux_2_28_x86_64.whl (22 kB)
#25 277.6 Downloading numpy-2.4.6-cp311-cp311-manylinux_2_27_x86_64.manylinux_2_28_x86_64.whl (16.9 MB)
#25 293.5    ━━━━━━━━━━━━━━━━━━━━━━━━━━━━━━━━━━━━━━━━ 16.9/16.9 MB 1.1 MB/s  0:00:15
#25 293.6 Downloading orderedmultidict-1.0.2-py2.py3-none-any.whl (11 kB)
#25 293.7 Downloading pathlib2-2.3.7.post1-py2.py3-none-any.whl (18 kB)
#25 293.8 Downloading ply-3.11-py2.py3-none-any.whl (49 kB)
#25 293.9 Downloading pyasn1_modules-0.4.2-py3-none-any.whl (181 kB)
#25 294.2 Downloading pyasn1-0.6.3-py3-none-any.whl (83 kB)
#25 294.4 Downloading pyparsing-3.3.2-py3-none-any.whl (122 kB)
#25 294.6 Downloading pyyaml-6.0.3-cp311-cp311-manylinux2014_x86_64.manylinux_2_17_x86_64.manylinux_2_28_x86_64.whl (806 kB)
#25 295.4    ━━━━━━━━━━━━━━━━━━━━━━━━━━━━━━━━━━━━━━━━ 806.6/806.6 kB 917.4 kB/s  0:00:00
#25 295.5 Downloading rpds_py-2026.5.1-cp311-cp311-manylinux_2_17_x86_64.manylinux2014_x86_64.whl (378 kB)
#25 295.9 Downloading typing_extensions-4.15.0-py3-none-any.whl (44 kB)
#25 296.1 Downloading backports_zstd-1.6.0-cp311-cp311-manylinux2014_x86_64.manylinux_2_17_x86_64.manylinux_2_28_x86_64.whl (492 kB)
#25 296.5 Downloading botocore_stubs-1.43.14-py3-none-any.whl (67 kB)
#25 296.7 Downloading brotli-1.2.0-cp311-cp311-manylinux2014_x86_64.manylinux_2_17_x86_64.whl (1.4 MB)
#25 297.8    ━━━━━━━━━━━━━━━━━━━━━━━━━━━━━━━━━━━━━━━━ 1.4/1.4 MB 1.3 MB/s  0:00:01
#25 297.9 Downloading pycparser-3.0-py3-none-any.whl (48 kB)
#25 298.0 Downloading types_awscrt-0.34.1-py3-none-any.whl (45 kB)
#25 298.1 Downloading types_s3transfer-0.16.0-py3-none-any.whl (19 kB)
#25 298.2 Building wheels for collected packages: dpath, nested_dict, pyhocon
#25 298.2   Building wheel for dpath (pyproject.toml): started
#25 298.4   Building wheel for dpath (pyproject.toml): finished with status 'done'
#25 298.4   Created wheel for dpath: filename=dpath-1.5.0-py3-none-any.whl size=14664 sha256=5a032b6d5fe8acc753f013ca46bd58d2173ee3a69e2b7ddf784a24970eae6880
#25 298.4   Stored in directory: /root/.cache/pip/wheels/9c/52/ad/b328c2189b241933fb4de3a4849326e923fe942fa1f14cb0de
#25 298.4   Building wheel for nested_dict (pyproject.toml): started
#25 298.6   Building wheel for nested_dict (pyproject.toml): finished with status 'done'
#25 298.6   Created wheel for nested_dict: filename=nested_dict-1.61-py3-none-any.whl size=6509 sha256=32a2f248ce549988c86e00ce3bd554d551c05d5fe6c47a7b77d31233ec5b9f77
#25 298.6   Stored in directory: /root/.cache/pip/wheels/8b/f5/2f/54a6fd20df7c7642eaabeb0f1c509be149b4f1b8a98fbc7f58
#25 298.6   Building wheel for pyhocon (pyproject.toml): started
#25 298.8   Building wheel for pyhocon (pyproject.toml): finished with status 'done'
#25 298.8   Created wheel for pyhocon: filename=pyhocon-0.3.63-py3-none-any.whl size=24721 sha256=109104e5acc2c648803c2b225ad92421a1e21611ad9a1effba8a40776aabd32f
#25 298.8   Stored in directory: /root/.cache/pip/wheels/48/68/c1/8a35eaf7ea43eb257528abb29319da648d4eef5935caef191e
#25 298.8 Successfully built dpath nested_dict pyhocon
#25 298.9 Installing collected packages: winfcntl, ply, nested_dict, fastjsonschema, dpath, distlib, brotli, validators, urllib3, typing-extensions, types-s3transfer, types-awscrt, six, setuptools, semantic_version, rpds-py, redis, PyYAML, python-rapidjson, pyparsing, pyjwt, pycparser, pyasn1, psutil, protobuf, platformdirs, pillow, numpy, markupsafe, luqum, jmespath, itsdangerous, isodate, idna, humanfriendly, google-crc32c, filelock, dnspython, click, charset_normalizer, certifi, boltons, blinker, bcrypt, backports.zstd, attrs, werkzeug, virtualenv, requests, referencing, python-dateutil, pymongo, pyhocon, pyasn1-modules, proto-plus, pathlib2, packaging, orderedmultidict, mypy-boto3-s3, jinja2, googleapis-common-protos, google-resumable-media, elastic-transport, cffi, botocore-stubs, mongoengine, jsonschema-specifications, jsonmodels, gunicorn, furl, flask, elasticsearch, cryptography, clearml-agent, botocore, boto3-stubs, azure-core, s3transfer, jsonschema, google-auth, flask-cors, flask-compress, azure-storage-blob, google-api-core, clearml, boto3, google-cloud-core, google-cloud-storage
#25 299.6   Attempting uninstall: setuptools
#25 299.6     Found existing installation: setuptools 65.5.1
#25 299.6     Uninstalling setuptools-65.5.1:
#25 299.8       Successfully uninstalled setuptools-65.5.1
#25 308.1 
#25 308.1 Successfully installed PyYAML-6.0.3 attrs-22.2.0 azure-core-1.41.0 azure-storage-blob-12.30.0 backports.zstd-1.6.0 bcrypt-5.0.0 blinker-1.9.0 boltons-26.0.0 boto3-1.43.36 boto3-stubs-1.43.36 botocore-1.43.36 botocore-stubs-1.43.14 brotli-1.2.0 certifi-2026.6.17 cffi-2.0.0 charset_normalizer-3.4.7 clearml-2.1.9 clearml-agent-3.0.3 click-8.4.2 cryptography-49.0.0 distlib-0.4.3 dnspython-2.8.0 dpath-1.5.0 elastic-transport-8.17.1 elasticsearch-8.17.0 fastjsonschema-2.21.2 filelock-3.29.4 flask-3.1.3 flask-compress-1.24 flask-cors-6.0.5 furl-2.1.4 google-api-core-2.30.3 google-auth-2.55.1 google-cloud-core-2.6.0 google-cloud-storage-3.12.0 google-crc32c-1.8.0 google-resumable-media-2.10.0 googleapis-common-protos-1.75.0 gunicorn-26.0.0 humanfriendly-10.0 idna-3.18 isodate-0.7.2 itsdangerous-2.2.0 jinja2-3.1.6 jmespath-1.1.0 jsonmodels-2.8.0 jsonschema-4.26.0 jsonschema-specifications-2025.9.1 luqum-1.0.0 markupsafe-3.0.3 mongoengine-0.29.1 mypy-boto3-s3-1.43.31 nested_dict-1.61 numpy-2.4.6 orderedmultidict-1.0.2 packaging-20.3 pathlib2-2.3.7.post1 pillow-12.2.0 platformdirs-4.10.0 ply-3.11 proto-plus-1.28.0 protobuf-7.35.1 psutil-7.2.2 pyasn1-0.6.3 pyasn1-modules-0.4.2 pycparser-3.0 pyhocon-0.3.63 pyjwt-2.13.0 pymongo-4.15.0 pyparsing-3.3.2 python-dateutil-2.9.0.post0 python-rapidjson-1.23 redis-7.0.1 referencing-0.37.0 requests-2.32.5 rpds-py-2026.5.1 s3transfer-0.19.0 semantic_version-2.10.0 setuptools-81.0.0 six-1.17.0 types-awscrt-0.34.1 types-s3transfer-0.16.0 typing-extensions-4.15.0 urllib3-2.7.0 validators-0.35.0 virtualenv-20.39.1 werkzeug-3.1.8 winfcntl-1.1.9
#25 308.1 WARNING: Running pip as the 'root' user can result in broken permissions and conflicting behaviour with the system package manager, possibly rendering your system unusable. It is recommended to use a virtual environment instead: https://pip.pypa.io/warnings/venv. Use the --root-user-action option if you know what you are doing and want to suppress this warning.
#25 308.5 + mkdir -p /opt/clearml/log
#25 308.5 + mkdir -p /opt/clearml/config
#25 308.5 + ln -svf /dev/stdout /var/log/nginx/access.log
#25 308.5 '/var/log/nginx/access.log' -> '/dev/stdout'
#25 308.5 + ln -svf /dev/stderr /var/log/nginx/error.log
#25 308.5 '/var/log/nginx/error.log' -> '/dev/stderr'
#25 308.5 + mv /tmp/internal_files/clearml.conf.template /etc/nginx/clearml.conf.template
#25 308.5 + mv /tmp/internal_files/clearml_subpath.conf.template /etc/nginx/clearml_subpath.conf.template
#25 308.5 + groupadd -g 1000 clearml
#25 308.5 + useradd -u 1000 -g clearml -m -s /bin/bash clearml
#25 308.6 + mkdir -p /var/log/clearml /mnt/fileserver
#25 308.6 + chown -R clearml:clearml /opt/clearml /var/log/clearml /mnt/fileserver
#25 308.9 + sed -i 's/^user www-data;/# user www-data;  # removed for rootless/' /etc/nginx/nginx.conf
#25 308.9 + sed -i 's|pid /run/nginx.pid;|pid /tmp/nginx.pid;|' /etc/nginx/nginx.conf
#25 308.9 + chown -R clearml:clearml /usr/share/nginx/html /var/log/nginx /var/lib/nginx /etc/nginx /run
#25 308.9 + mkdir -p /var/cache/nginx
#25 308.9 + chown -R clearml:clearml /var/cache/nginx
#25 308.9 ++ pip cache dir
#25 309.1 + rm -d -r /root/.cache/pip
#25 309.1 + apt-get clean
#25 DONE 309.4s

#26 [stage-1 12/14] COPY --from=webapp_builder --chown=1000:1000 /opt/open-webapp/build/browser /usr/share/nginx/html
#26 DONE 0.3s

#27 [stage-1 13/14] COPY --from=webapp_builder --chown=1000:1000 /opt/open-webapp/dist/report-widgets /usr/share/nginx/widgets
#27 DONE 0.1s

#28 [stage-1 14/14] WORKDIR /opt/clearml/
#28 DONE 0.1s

#29 exporting to image
#29 exporting layers
#29 exporting layers 2.7s done
#29 writing image sha256:aa0f9ec2a57158c7a75f5d8f9fe8981f559fbb3d1056f450e8fd959b53319975 done
#29 naming to docker.io/clearml/clearml:2026-06-28 done
#29 DONE 2.8s

#30 resolving provenance for metadata file
#30 DONE 0.0s
 Image clearml/clearml:2026-06-28 Built 
